Capture_ID,Distance,FP_INDEX,FP_AMPL1,FP_AMPL2,FP_AMPL3,RXPACC,STD_NOISE,MAX_NOISE,CIR0,CIR1,CIR2,CIR3,CIR4,CIR5,CIR6,CIR7,CIR8,CIR9,CIR10,CIR11,CIR12,CIR13,CIR14,CIR15,CIR16,CIR17,CIR18,CIR19,CIR20,CIR21,CIR22,CIR23,CIR24,CIR25,CIR26,CIR27,CIR28,CIR29,CIR30,CIR31,CIR32,CIR33,CIR34,CIR35,CIR36,CIR37,CIR38,CIR39,CIR40,CIR41,CIR42,CIR43,CIR44,CIR45,CIR46,CIR47,CIR48,CIR49,CIR50,CIR51,CIR52,CIR53,CIR54,CIR55,CIR56,CIR57,CIR58,CIR59,CIR60,CIR61,CIR62,CIR63,CIR64,CIR65,CIR66,CIR67,CIR68,CIR69,CIR70,CIR71,CIR72,CIR73,CIR74,CIR75,CIR76,CIR77,CIR78,CIR79,CIR80,CIR81,CIR82,CIR83,CIR84,CIR85,CIR86,CIR87,CIR88,CIR89,CIR90,CIR91,CIR92,CIR93,CIR94,CIR95,CIR96,CIR97,CIR98,CIR99,CIR100,CIR101,CIR102,CIR103,CIR104,CIR105,CIR106,CIR107,CIR108,CIR109,CIR110,CIR111,CIR112,CIR113,CIR114,CIR115,CIR116,CIR117,CIR118,CIR119,CIR120,CIR121,CIR122,CIR123,CIR124,CIR125,CIR126,CIR127,CIR128,CIR129,CIR130,CIR131,CIR132,CIR133,CIR134,CIR135,CIR136,CIR137,CIR138,CIR139,CIR140,CIR141,CIR142,CIR143,CIR144,CIR145,CIR146,CIR147,CIR148,CIR149,CIR150,CIR151,CIR152,CIR153,CIR154,CIR155,CIR156,CIR157,CIR158,CIR159,CIR160,CIR161,CIR162,CIR163,CIR164,CIR165,CIR166,CIR167,CIR168,CIR169,CIR170,CIR171,CIR172,CIR173,CIR174,CIR175,CIR176,CIR177,CIR178,CIR179,CIR180,CIR181,CIR182,CIR183,CIR184,CIR185,CIR186,CIR187,CIR188,CIR189,CIR190,CIR191,CIR192,CIR193,CIR194,CIR195,CIR196,CIR197,CIR198,CIR199,CIR200,CIR201,CIR202,CIR203,CIR204,CIR205,CIR206,CIR207,CIR208,CIR209,CIR210,CIR211,CIR212,CIR213,CIR214,CIR215,CIR216,CIR217,CIR218,CIR219,CIR220,CIR221,CIR222,CIR223,CIR224,CIR225,CIR226,CIR227,CIR228,CIR229,CIR230,CIR231,CIR232,CIR233,CIR234,CIR235,CIR236,CIR237,CIR238,CIR239,CIR240,CIR241,CIR242,CIR243,CIR244,CIR245,CIR246,CIR247,CIR248,CIR249,CIR250,CIR251,CIR252,CIR253,CIR254,CIR255,CIR256,CIR257,CIR258,CIR259,CIR260,CIR261,CIR262,CIR263,CIR264,CIR265,CIR266,CIR267,CIR268,CIR269,CIR270,CIR271,CIR272,CIR273,CIR274,CIR275,CIR276,CIR277,CIR278,CIR279,CIR280,CIR281,CIR282,CIR283,CIR284,CIR285,CIR286,CIR287,CIR288,CIR289,CIR290,CIR291,CIR292,CIR293,CIR294,CIR295,CIR296,CIR297,CIR298,CIR299,CIR300,CIR301,CIR302,CIR303,CIR304,CIR305,CIR306,CIR307,CIR308,CIR309,CIR310,CIR311,CIR312,CIR313,CIR314,CIR315,CIR316,CIR317,CIR318,CIR319,CIR320,CIR321,CIR322,CIR323,CIR324,CIR325,CIR326,CIR327,CIR328,CIR329,CIR330,CIR331,CIR332,CIR333,CIR334,CIR335,CIR336,CIR337,CIR338,CIR339,CIR340,CIR341,CIR342,CIR343,CIR344,CIR345,CIR346,CIR347,CIR348,CIR349,CIR350,CIR351,CIR352,CIR353,CIR354,CIR355,CIR356,CIR357,CIR358,CIR359,CIR360,CIR361,CIR362,CIR363,CIR364,CIR365,CIR366,CIR367,CIR368,CIR369,CIR370,CIR371,CIR372,CIR373,CIR374,CIR375,CIR376,CIR377,CIR378,CIR379,CIR380,CIR381,CIR382,CIR383,CIR384,CIR385,CIR386,CIR387,CIR388,CIR389,CIR390,CIR391,CIR392,CIR393,CIR394,CIR395,CIR396,CIR397,CIR398,CIR399,CIR400,CIR401,CIR402,CIR403,CIR404,CIR405,CIR406,CIR407,CIR408,CIR409,CIR410,CIR411,CIR412,CIR413,CIR414,CIR415,CIR416,CIR417,CIR418,CIR419,CIR420,CIR421,CIR422,CIR423,CIR424,CIR425,CIR426,CIR427,CIR428,CIR429,CIR430,CIR431,CIR432,CIR433,CIR434,CIR435,CIR436,CIR437,CIR438,CIR439,CIR440,CIR441,CIR442,CIR443,CIR444,CIR445,CIR446,CIR447,CIR448,CIR449,CIR450,CIR451,CIR452,CIR453,CIR454,CIR455,CIR456,CIR457,CIR458,CIR459,CIR460,CIR461,CIR462,CIR463,CIR464,CIR465,CIR466,CIR467,CIR468,CIR469,CIR470,CIR471,CIR472,CIR473,CIR474,CIR475,CIR476,CIR477,CIR478,CIR479,CIR480,CIR481,CIR482,CIR483,CIR484,CIR485,CIR486,CIR487,CIR488,CIR489,CIR490,CIR491,CIR492,CIR493,CIR494,CIR495,CIR496,CIR497,CIR498,CIR499,CIR500,CIR501,CIR502,CIR503,CIR504,CIR505,CIR506,CIR507,CIR508,CIR509,CIR510,CIR511,CIR512,CIR513,CIR514,CIR515,CIR516,CIR517,CIR518,CIR519,CIR520,CIR521,CIR522,CIR523,CIR524,CIR525,CIR526,CIR527,CIR528,CIR529,CIR530,CIR531,CIR532,CIR533,CIR534,CIR535,CIR536,CIR537,CIR538,CIR539,CIR540,CIR541,CIR542,CIR543,CIR544,CIR545,CIR546,CIR547,CIR548,CIR549,CIR550,CIR551,CIR552,CIR553,CIR554,CIR555,CIR556,CIR557,CIR558,CIR559,CIR560,CIR561,CIR562,CIR563,CIR564,CIR565,CIR566,CIR567,CIR568,CIR569,CIR570,CIR571,CIR572,CIR573,CIR574,CIR575,CIR576,CIR577,CIR578,CIR579,CIR580,CIR581,CIR582,CIR583,CIR584,CIR585,CIR586,CIR587,CIR588,CIR589,CIR590,CIR591,CIR592,CIR593,CIR594,CIR595,CIR596,CIR597,CIR598,CIR599,CIR600,CIR601,CIR602,CIR603,CIR604,CIR605,CIR606,CIR607,CIR608,CIR609,CIR610,CIR611,CIR612,CIR613,CIR614,CIR615,CIR616,CIR617,CIR618,CIR619,CIR620,CIR621,CIR622,CIR623,CIR624,CIR625,CIR626,CIR627,CIR628,CIR629,CIR630,CIR631,CIR632,CIR633,CIR634,CIR635,CIR636,CIR637,CIR638,CIR639,CIR640,CIR641,CIR642,CIR643,CIR644,CIR645,CIR646,CIR647,CIR648,CIR649,CIR650,CIR651,CIR652,CIR653,CIR654,CIR655,CIR656,CIR657,CIR658,CIR659,CIR660,CIR661,CIR662,CIR663,CIR664,CIR665,CIR666,CIR667,CIR668,CIR669,CIR670,CIR671,CIR672,CIR673,CIR674,CIR675,CIR676,CIR677,CIR678,CIR679,CIR680,CIR681,CIR682,CIR683,CIR684,CIR685,CIR686,CIR687,CIR688,CIR689,CIR690,CIR691,CIR692,CIR693,CIR694,CIR695,CIR696,CIR697,CIR698,CIR699,CIR700,CIR701,CIR702,CIR703,CIR704,CIR705,CIR706,CIR707,CIR708,CIR709,CIR710,CIR711,CIR712,CIR713,CIR714,CIR715,CIR716,CIR717,CIR718,CIR719,CIR720,CIR721,CIR722,CIR723,CIR724,CIR725,CIR726,CIR727,CIR728,CIR729,CIR730,CIR731,CIR732,CIR733,CIR734,CIR735,CIR736,CIR737,CIR738,CIR739,CIR740,CIR741,CIR742,CIR743,CIR744,CIR745,CIR746,CIR747,CIR748,CIR749,CIR750,CIR751,CIR752,CIR753,CIR754,CIR755,CIR756,CIR757,CIR758,CIR759,CIR760,CIR761,CIR762,CIR763,CIR764,CIR765,CIR766,CIR767,CIR768,CIR769,CIR770,CIR771,CIR772,CIR773,CIR774,CIR775,CIR776,CIR777,CIR778,CIR779,CIR780,CIR781,CIR782,CIR783,CIR784,CIR785,CIR786,CIR787,CIR788,CIR789,CIR790,CIR791,CIR792,CIR793,CIR794,CIR795,CIR796,CIR797,CIR798,CIR799,CIR800,CIR801,CIR802,CIR803,CIR804,CIR805,CIR806,CIR807,CIR808,CIR809,CIR810,CIR811,CIR812,CIR813,CIR814,CIR815,CIR816,CIR817,CIR818,CIR819,CIR820,CIR821,CIR822,CIR823,CIR824,CIR825,CIR826,CIR827,CIR828,CIR829,CIR830,CIR831,CIR832,CIR833,CIR834,CIR835,CIR836,CIR837,CIR838,CIR839,CIR840,CIR841,CIR842,CIR843,CIR844,CIR845,CIR846,CIR847,CIR848,CIR849,CIR850,CIR851,CIR852,CIR853,CIR854,CIR855,CIR856,CIR857,CIR858,CIR859,CIR860,CIR861,CIR862,CIR863,CIR864,CIR865,CIR866,CIR867,CIR868,CIR869,CIR870,CIR871,CIR872,CIR873,CIR874,CIR875,CIR876,CIR877,CIR878,CIR879,CIR880,CIR881,CIR882,CIR883,CIR884,CIR885,CIR886,CIR887,CIR888,CIR889,CIR890,CIR891,CIR892,CIR893,CIR894,CIR895,CIR896,CIR897,CIR898,CIR899,CIR900,CIR901,CIR902,CIR903,CIR904,CIR905,CIR906,CIR907,CIR908,CIR909,CIR910,CIR911,CIR912,CIR913,CIR914,CIR915,CIR916,CIR917,CIR918,CIR919,CIR920,CIR921,CIR922,CIR923,CIR924,CIR925,CIR926,CIR927,CIR928,CIR929,CIR930,CIR931,CIR932,CIR933,CIR934,CIR935,CIR936,CIR937,CIR938,CIR939,CIR940,CIR941,CIR942,CIR943,CIR944,CIR945,CIR946,CIR947,CIR948,CIR949,CIR950,CIR951,CIR952,CIR953,CIR954,CIR955,CIR956,CIR957,CIR958,CIR959,CIR960,CIR961,CIR962,CIR963,CIR964,CIR965,CIR966,CIR967,CIR968,CIR969,CIR970,CIR971,CIR972,CIR973,CIR974,CIR975,CIR976,CIR977,CIR978,CIR979,CIR980,CIR981,CIR982,CIR983,CIR984,CIR985,CIR986,CIR987,CIR988,CIR989,CIR990,CIR991,CIR992,CIR993,CIR994,CIR995,CIR996,CIR997,CIR998,CIR999,CIR1000,CIR1001,CIR1002,CIR1003,CIR1004,CIR1005,CIR1006,CIR1007,CIR1008,CIR1009,CIR1010,CIR1011,CIR1012,CIR1013,CIR1014,CIR1015
0,1.988711,48047,7701,7717,5222,118,56,1430,47,143,114,230,42,44,7,57,42,67,108,248,147,66,161,158,82,20,38,42,159,72,121,104,76,56,69,114,73,52,77,32,54,42,98,215,192,46,337,283,71,18,76,123,91,77,132,35,52,102,70,96,115,98,166,27,45,89,49,75,19,100,51,36,38,48,12,34,116,71,25,30,61,48,126,105,54,111,112,212,131,144,126,272,115,82,93,6,44,107,81,61,21,54,55,140,116,90,42,284,56,89,105,65,50,88,165,185,76,93,164,104,21,61,142,97,160,106,142,181,101,43,42,165,120,55,285,115,49,87,26,92,26,128,40,39,5,86,67,55,106,58,171,57,15,81,83,179,109,44,79,41,30,67,125,288,194,60,171,66,73,111,70,19,131,95,112,78,17,14,28,39,14,7,188,99,17,45,55,68,98,100,43,173,17,84,128,141,26,57,190,224,49,64,87,107,70,12,80,68,17,85,61,119,157,89,136,125,58,126,87,99,31,63,200,148,69,104,115,62,47,80,103,72,50,30,58,25,22,22,156,125,44,80,190,115,29,105,175,70,64,110,125,52,66,48,141,52,62,20,55,118,256,51,175,45,8,128,77,106,204,70,69,113,48,67,121,2,84,75,146,40,64,169,62,243,57,71,68,138,64,85,30,40,118,44,191,49,70,61,84,242,284,26,120,160,91,132,159,113,43,72,126,103,69,73,126,163,311,117,53,17,30,83,56,104,116,37,213,27,107,207,69,105,38,90,63,158,68,151,77,94,172,45,143,148,67,78,127,121,38,11,61,34,116,111,154,46,16,12,128,169,37,54,127,46,222,94,92,102,41,113,103,163,67,55,63,46,40,114,63,78,121,90,209,29,75,90,279,304,44,93,21,26,32,67,120,296,86,51,117,25,61,29,93,107,188,76,79,41,50,108,50,46,65,70,57,143,34,51,80,115,29,88,35,102,24,44,30,51,88,41,77,74,36,29,67,74,66,17,245,134,38,71,109,134,132,43,169,157,49,78,67,58,118,129,70,214,45,110,163,170,134,83,77,76,7,110,105,73,71,63,96,50,29,95,158,226,177,29,136,90,55,25,51,96,127,41,25,105,121,92,61,271,17,53,122,35,63,48,120,71,32,41,81,258,64,69,126,271,204,109,133,99,280,94,128,83,24,126,149,185,28,51,172,223,29,69,71,39,54,17,77,80,115,21,59,94,93,120,72,85,107,59,127,71,26,111,111,160,79,37,79,83,27,30,41,196,140,24,90,72,70,82,36,69,115,103,134,94,45,17,77,103,72,122,123,280,53,120,96,198,120,57,128,96,38,97,75,277,156,63,47,146,47,150,52,76,151,133,81,84,36,37,108,184,27,164,191,68,84,91,73,171,154,76,112,57,48,52,25,95,86,117,121,144,51,34,58,109,77,124,84,146,51,31,30,98,99,23,286,88,50,106,132,151,138,63,62,57,60,22,54,216,76,112,120,91,92,92,34,24,67,116,79,64,94,93,163,186,180,47,95,201,29,57,74,270,151,66,49,87,142,106,90,223,142,146,67,44,77,109,65,181,49,33,22,84,76,138,159,26,34,33,142,142,67,69,39,152,40,44,60,34,66,111,85,134,94,23,90,161,12,30,64,246,15,23,61,265,111,96,236,160,169,47,34,98,146,177,113,78,64,24,113,10,14,71,14,64,22,130,115,79,55,55,107,313,149,151,695,5229,7724,7708,6468,1095,404,1140,5269,4669,432,1107,1125,662,165,617,2143,1294,294,762,772,1207,798,548,945,597,184,775,1164,2507,1273,528,1371,730,180,189,204,470,229,259,418,354,44,188,344,331,91,17,263,565,146,129,430,550,141,91,513,336,70,152,185,408,127,155,277,397,58,31,127,411,150,108,365,311,57,74,140,350,331,272,335,302,48,153,141,353,321,195,224,304,90,90,115,87,37,92,131,112,117,119,107,192,76,76,180,11,65,148,110,279,30,114,20,105,41,36,57,231,70,99,368,192,59,124,154,433,347,162,197,108,47,93,300,512,347,126,172,129,103,147,146,87,88,154,127,186,29,19,221,454,305,105,210,84,76,88,52,174,48,103,273,151,101,36,33,179,222,112,127,61,58,29,48,71,63,23,95,53,60,85,104,74,76,52,208,141,44,16,14,111,42,69,66,106,71,259,23,26,41,61,57,52,45,87,105,115,60,73,95,130,41,70,119,391,132,69,26,98,72,76,24,205,104,106,65,24,46,66,60,59,65,91,74,69,55,101,120,144,121,18,59,60,37,7,96,90,153,45,212,40,57,52,53,63,30,5,41,103,2,28,84,86,76,38,185,99
1,2.007473,47859,7649,7688,4875,118,52,1332,278,46,6,12,29,13,10,114,303,106,23,220,189,69,43,44,50,168,66,148,114,21,20,45,96,110,25,88,73,49,16,107,214,252,84,295,243,22,76,43,140,131,37,141,68,21,66,50,97,162,68,129,45,22,86,59,96,40,74,108,48,32,15,256,49,137,74,56,127,53,21,113,98,27,33,153,160,85,134,128,303,105,7,113,51,7,44,84,38,33,25,78,94,85,73,57,239,53,51,63,48,20,85,136,176,63,78,114,30,25,42,141,58,139,75,195,161,78,50,96,172,94,35,124,186,22,283,36,140,140,96,46,77,35,138,110,112,28,74,177,39,34,122,91,162,130,51,123,87,24,109,85,332,240,81,99,68,14,86,71,66,144,116,73,57,37,93,87,66,9,43,98,156,31,53,56,64,149,113,53,114,31,73,108,198,59,63,192,172,256,67,64,53,4,26,20,59,38,85,55,61,93,112,119,118,58,124,99,106,48,59,276,181,51,73,145,126,82,71,96,67,45,33,16,81,16,57,50,74,23,73,161,151,58,90,263,45,36,95,118,114,75,36,160,99,62,60,48,133,24,3,120,61,22,146,20,119,111,50,52,84,35,79,109,55,90,80,118,72,52,201,95,272,107,69,86,134,33,92,64,82,108,59,209,65,71,73,39,232,307,49,102,126,42,110,164,142,137,40,136,120,26,73,155,180,433,120,117,7,16,110,118,96,72,48,297,50,64,227,34,105,37,94,114,148,64,159,77,97,191,26,145,41,72,33,93,105,66,36,46,106,63,77,131,100,19,18,146,109,37,16,130,64,157,148,111,124,28,110,75,241,94,43,111,30,7,106,90,83,126,103,59,17,61,78,88,230,41,33,14,94,27,51,127,289,196,35,177,67,37,39,98,144,88,74,89,120,98,127,88,20,66,93,94,112,22,11,47,67,30,123,77,79,12,53,71,52,46,66,97,91,2,29,102,149,131,15,180,35,58,96,67,131,228,47,87,131,18,64,42,105,11,173,47,160,54,110,148,79,46,67,108,93,59,97,93,61,29,41,92,58,48,55,111,232,154,69,94,114,24,27,47,131,21,66,56,129,92,106,106,286,59,41,91,57,34,45,123,93,56,105,112,171,50,74,68,226,122,36,144,112,68,121,104,280,38,64,172,223,55,55,212,211,45,51,66,35,69,21,78,86,124,8,110,44,50,60,20,51,49,30,65,67,26,133,60,112,49,22,103,128,50,74,60,120,235,35,81,42,30,55,43,51,11,63,121,41,40,28,4,78,66,65,114,132,46,160,266,238,117,89,219,87,59,79,30,245,83,65,38,79,31,152,39,37,152,157,5,62,41,14,85,145,52,155,155,28,64,72,23,178,202,71,112,134,37,49,38,97,102,114,173,129,39,48,111,71,147,82,71,84,58,72,25,79,151,72,43,38,45,269,82,55,187,53,15,57,14,46,55,296,58,55,102,75,48,122,16,114,49,69,124,47,48,74,93,204,82,47,122,145,22,58,92,287,90,62,84,64,116,79,62,148,144,165,37,56,68,117,37,197,43,48,42,89,87,102,143,25,36,14,171,139,83,87,79,211,45,36,30,69,52,47,72,168,28,39,167,212,46,63,50,241,75,46,39,204,75,97,224,97,105,44,61,57,104,167,79,11,127,28,88,37,29,130,16,83,81,120,124,55,53,56,62,323,253,115,599,4892,7705,7665,6483,1394,243,736,4494,4263,268,1067,979,532,177,458,1899,1146,315,855,805,1259,1126,599,798,406,144,752,1136,2772,1649,376,1235,826,212,216,239,644,248,264,574,315,53,241,399,462,243,8,277,504,96,119,405,556,177,111,494,394,41,174,155,410,282,126,286,384,33,23,90,434,148,84,526,308,49,79,181,410,341,332,286,297,15,137,136,401,355,229,269,357,75,70,145,64,75,87,63,203,66,103,85,168,26,124,232,99,44,81,72,187,12,123,92,112,66,30,33,238,100,125,412,240,56,90,140,373,320,171,166,111,74,94,163,499,504,268,178,153,119,160,187,109,74,183,204,222,47,21,176,451,354,130,223,60,46,84,75,193,53,121,262,115,63,39,65,176,260,114,81,70,11,104,39,77,25,11,113,84,50,49,116,112,115,31,198,158,48,12,17,90,21,53,111,123,71,41,35,29,28,42,5,33,37,123,36,145,38,21,110,141,27,93,106,430,117,38,93,74,63,103,105,114,170,54,78,37,66,91,93,87,128,69,11,60,39,99,104,179,134,27,33,127,36,31,69,59,215,16,166,77,60,77,72,65,99,28,56,80,20,41,39,19,44,80,190,99,25,124,115
2,2.007473,48027,7164,7062,6559,118,52,1230,79,143,96,274,29,33,55,85,23,44,219,300,44,137,124,161,65,53,85,33,87,50,128,89,68,46,124,163,32,33,35,101,40,19,198,274,151,22,361,227,63,8,99,160,58,83,96,45,56,47,68,77,120,121,119,90,41,54,26,37,45,68,52,261,26,68,38,64,79,74,49,124,80,61,183,150,30,81,96,214,66,142,174,280,35,97,102,94,60,94,59,7,61,42,57,131,120,83,77,178,14,83,46,59,27,114,198,265,67,91,209,68,8,41,114,166,59,139,109,152,88,35,126,244,45,21,288,68,45,143,137,208,131,155,50,16,51,114,84,82,9,124,95,31,53,137,72,115,9,82,81,53,20,108,141,254,82,6,168,111,82,72,87,97,103,45,72,39,16,89,46,43,18,6,110,74,29,88,71,81,75,97,65,161,25,38,219,119,22,59,177,249,49,45,104,86,62,49,42,84,49,100,118,21,41,48,72,139,82,151,142,35,42,59,163,203,53,144,66,43,94,107,63,30,57,10,52,78,18,65,95,88,40,47,228,118,39,164,225,51,104,94,129,16,62,55,156,75,35,57,37,56,16,15,119,21,25,72,120,46,67,55,49,86,25,114,111,115,93,72,142,94,91,147,129,177,64,43,111,117,47,95,76,48,96,24,229,34,78,72,70,177,113,56,104,163,66,127,189,175,136,126,104,163,48,96,47,247,274,144,95,62,45,105,50,20,46,84,147,135,119,193,46,36,50,129,59,99,60,151,92,136,102,28,144,65,49,50,137,125,48,56,53,34,90,67,93,19,20,45,111,128,30,8,153,13,125,36,69,118,44,73,149,108,48,80,59,77,34,80,40,51,119,65,158,28,85,80,271,142,28,189,23,36,59,54,169,231,87,66,138,63,17,21,262,146,52,92,45,34,38,45,17,71,42,46,88,110,25,55,82,66,25,96,26,67,30,47,42,59,28,84,121,126,31,60,78,82,75,15,188,25,23,45,156,107,139,28,110,184,74,25,48,102,140,99,101,132,81,121,133,110,33,104,86,108,36,130,89,96,17,101,108,31,51,98,151,163,93,40,84,119,33,40,146,152,58,70,44,220,97,102,75,190,65,49,131,50,34,68,80,46,39,51,70,220,51,69,143,243,47,109,68,172,57,124,135,46,42,201,122,241,43,94,200,167,56,90,29,115,53,34,91,142,90,6,43,34,77,96,133,109,75,27,117,58,37,124,131,31,83,63,81,46,43,99,60,232,149,56,23,179,42,49,102,52,35,187,110,148,36,28,58,61,98,130,64,283,48,110,133,239,70,90,73,82,82,70,83,220,58,26,56,104,86,181,85,89,83,102,13,36,32,46,77,100,43,105,123,102,99,68,75,204,119,102,103,132,48,48,42,66,54,104,53,69,38,92,40,232,128,67,71,132,43,54,112,60,122,24,286,44,27,64,52,157,136,56,46,105,23,53,170,278,40,77,82,31,33,102,78,86,63,138,37,108,47,63,302,291,52,60,187,199,7,29,171,172,35,73,119,212,100,95,114,162,57,67,82,101,96,95,86,255,21,74,46,84,58,105,147,89,62,54,146,48,90,138,63,204,32,16,57,100,51,57,123,138,45,80,118,45,18,38,152,177,56,63,37,189,55,153,178,109,45,79,20,146,99,165,40,159,101,5,89,51,16,70,141,104,101,137,79,75,57,36,242,397,171,75,1340,6579,7080,7185,5024,1384,567,1523,4793,2957,578,1223,1197,532,119,1004,2292,721,430,897,772,1215,721,501,560,82,337,922,1797,2636,981,726,1301,743,162,136,378,532,250,454,393,156,87,299,385,247,161,71,348,389,126,210,501,440,75,196,529,245,87,115,336,535,200,237,288,155,17,51,312,465,168,155,296,150,69,133,260,342,264,189,309,264,69,105,164,357,255,129,167,154,67,59,111,52,17,73,169,150,92,122,151,85,19,58,165,68,65,103,203,140,32,85,17,29,33,46,232,256,71,215,367,133,79,120,135,384,237,139,191,144,29,61,319,548,317,125,148,173,122,208,203,37,105,160,136,190,11,56,154,319,214,133,169,58,14,35,119,192,65,135,299,150,50,31,38,66,183,114,68,7,26,51,35,67,35,46,127,83,47,95,18,90,56,71,226,50,13,20,80,53,23,152,8,85,69,262,59,53,89,115,52,66,36,67,159,115,42,75,61,168,4,76,201,357,84,67,37,32,98,123,36,322,136,196,69,84,100,59,54,167,86,97,60,172,60,87,120,76,51,42,56,136,20,40,126,75,78,32,150,72,58,69,69,168,90,20,42,63,21,75,77,89,47,77,195,60
3,2.044996,47745,6925,7424,7455,118,56,1382,259,62,28,156,39,38,197,54,30,218,189,188,86,37,35,99,27,138,110,91,79,29,104,127,26,51,92,139,59,65,137,211,43,260,232,146,112,26,110,126,66,170,66,70,69,42,86,135,47,216,79,76,98,41,82,20,32,113,80,39,25,45,36,270,24,77,83,94,31,128,112,47,44,179,228,239,138,73,218,74,37,152,36,0,86,93,36,69,33,28,93,176,169,50,287,94,69,130,106,219,55,117,67,80,75,151,239,99,37,81,103,100,70,161,166,187,89,66,165,171,27,79,149,65,139,94,86,204,96,110,44,53,161,127,139,25,55,249,80,26,109,50,173,74,27,55,86,85,55,87,240,187,61,217,73,106,50,61,109,158,45,88,137,49,49,53,99,84,36,140,83,64,92,57,134,77,113,61,238,76,128,124,207,49,53,97,188,200,93,74,69,31,16,93,136,38,97,71,63,82,91,100,130,122,127,32,102,90,36,242,171,210,78,121,60,71,54,91,72,108,117,51,6,41,45,71,26,97,75,151,149,46,70,259,111,179,177,101,62,103,28,177,20,108,47,78,73,21,27,166,59,88,87,51,129,114,28,36,100,140,20,60,109,112,61,147,113,85,131,16,162,108,47,60,94,87,109,59,72,158,51,233,44,32,100,34,224,184,27,152,143,187,137,196,102,223,66,105,80,134,87,122,35,335,55,92,54,17,91,111,145,73,27,138,36,270,213,92,98,65,77,134,57,124,192,89,100,205,53,130,186,165,94,91,53,51,63,21,67,94,136,173,54,79,11,134,151,51,42,119,145,79,45,66,56,39,38,27,192,123,44,133,39,47,101,88,29,159,139,55,15,107,90,77,307,96,35,22,41,53,84,90,221,148,56,169,108,88,39,31,144,88,52,156,118,90,120,74,32,78,107,95,61,50,78,54,98,78,32,42,73,19,17,31,42,59,63,102,93,70,62,96,92,124,43,238,171,56,81,27,164,225,28,162,125,139,99,52,107,172,80,279,236,120,122,154,190,65,40,100,99,73,112,98,168,64,32,134,12,89,45,73,180,106,18,163,88,82,91,5,101,79,62,31,140,256,170,53,267,37,32,137,41,82,59,116,91,81,56,72,192,142,46,23,192,102,31,164,90,176,106,110,175,22,268,236,201,150,80,171,160,46,31,83,63,188,26,131,49,138,28,64,14,111,131,155,67,85,25,147,25,49,94,135,103,146,100,107,149,82,102,78,115,296,12,56,54,161,86,10,32,68,50,128,49,143,53,22,85,144,128,173,94,112,51,119,216,94,25,185,113,29,96,61,258,115,56,45,75,67,160,144,80,117,79,48,143,86,71,46,122,19,87,186,20,170,131,18,150,151,43,153,46,114,49,36,108,123,115,137,175,33,52,41,105,200,95,93,166,108,120,63,72,172,82,87,60,61,97,127,35,245,99,28,108,95,48,97,284,169,53,132,80,100,140,75,78,107,59,178,48,207,56,114,256,82,30,92,145,101,65,63,297,111,40,106,49,211,117,31,186,113,110,13,30,93,178,89,152,91,20,92,96,43,99,162,50,7,31,167,94,61,87,266,241,76,31,10,32,108,67,79,179,30,53,148,279,24,17,63,276,140,42,30,235,207,132,229,144,107,32,55,21,295,188,130,28,153,17,84,45,50,82,11,45,84,106,146,83,51,88,107,201,287,111,363,3869,7441,7411,6911,1172,682,442,3859,5261,1177,912,1036,879,384,314,2286,1358,339,871,1049,1483,1091,533,1003,613,183,679,1198,2566,1696,310,1308,794,323,135,241,518,348,271,511,423,43,260,454,278,188,5,270,629,297,185,409,450,128,68,526,441,92,156,148,433,371,181,230,406,15,29,87,348,305,120,313,317,72,110,183,361,286,234,299,332,155,149,151,454,381,165,242,297,91,90,117,93,75,59,75,229,201,126,124,144,5,100,222,145,129,67,121,260,83,49,46,134,40,67,65,253,157,152,457,300,118,97,139,351,414,147,252,89,108,77,193,546,559,134,189,97,171,223,173,58,142,156,191,148,93,46,145,504,333,120,241,59,111,91,55,174,117,109,368,168,242,48,19,184,248,177,87,54,64,60,81,61,49,45,122,74,108,83,115,49,127,37,192,157,75,16,22,79,19,46,112,105,80,114,81,60,73,23,25,55,136,117,95,147,52,54,110,88,167,64,91,448,248,81,96,91,69,102,55,165,250,68,119,34,111,58,121,63,174,72,71,39,72,107,76,145,66,24,9,30,91,9,73,105,141,22,202,85,34,58,56,67,101,13,63,66,95,53,83,137,18,257,213,65,34,139,93,245,38
4,1.96995,47759,7033,7681,7599,118,48,1228,27,64,50,122,40,27,173,74,33,144,171,88,51,89,93,92,49,109,133,73,61,12,117,152,60,73,70,106,33,91,171,244,112,158,263,117,54,78,74,99,38,167,66,71,84,18,100,159,94,86,86,71,98,103,121,43,24,35,76,14,28,86,37,71,59,46,59,24,32,44,156,62,33,133,131,169,98,61,293,215,27,112,58,53,70,74,31,99,55,61,45,149,119,21,213,69,156,33,61,132,43,104,124,153,103,101,140,69,60,46,57,70,25,139,63,79,64,66,132,167,19,90,166,119,81,92,251,226,164,126,76,6,103,106,115,100,35,167,30,63,112,118,125,134,28,32,118,54,32,81,235,226,80,97,127,88,56,40,151,94,75,17,31,53,100,105,80,39,21,124,81,28,32,34,151,145,119,114,89,45,93,64,313,128,33,106,177,152,66,270,68,34,38,77,104,38,108,76,62,72,132,115,98,61,140,92,176,55,50,147,206,156,70,118,42,66,90,83,102,60,30,11,61,115,48,26,20,38,66,130,167,29,33,199,73,93,140,81,213,36,37,74,40,75,79,119,77,55,29,61,35,64,9,98,161,42,3,22,50,74,34,105,43,43,80,87,63,92,119,32,164,132,14,119,97,111,69,74,144,120,121,44,72,69,74,56,93,190,49,70,87,118,77,99,102,135,50,109,78,103,107,132,62,326,158,122,81,13,53,69,125,49,42,115,22,263,152,60,91,53,75,112,76,92,81,67,18,168,55,65,81,105,57,45,136,79,46,20,58,37,103,98,52,39,49,144,98,52,14,57,176,75,7,36,36,57,26,14,195,54,89,56,21,40,12,64,66,11,183,8,74,81,117,85,198,54,94,88,35,40,22,56,147,160,39,144,83,60,50,32,206,88,63,100,119,99,97,99,55,102,107,40,104,36,19,25,28,66,7,58,102,40,33,52,130,31,38,87,64,53,9,83,70,200,98,61,176,60,99,54,127,230,37,65,91,67,89,43,119,167,80,267,144,65,76,106,6,44,21,104,109,72,97,100,180,83,12,119,12,34,54,69,188,104,62,94,158,67,86,29,167,97,27,42,115,168,95,46,288,166,54,44,28,61,61,110,77,22,71,109,99,131,81,16,163,105,12,110,37,122,98,131,183,61,64,203,78,90,42,95,182,111,11,72,64,120,35,45,99,83,32,36,58,55,68,100,56,47,50,70,71,33,58,67,93,33,133,73,106,34,48,47,56,212,8,56,41,98,36,57,66,91,39,131,99,136,44,25,93,101,120,170,43,60,82,96,180,302,96,128,85,46,108,43,181,128,26,74,79,41,76,120,12,90,122,66,45,67,59,16,66,90,74,95,74,83,60,24,71,210,48,142,77,101,89,47,148,116,120,122,128,42,76,124,26,180,104,74,107,44,88,38,70,129,113,57,78,42,48,102,259,165,125,38,140,92,30,42,221,180,11,101,6,54,92,57,73,66,73,105,15,139,54,108,283,121,62,55,129,82,3,77,222,114,24,98,106,174,90,81,72,46,112,61,66,87,121,58,153,152,16,111,43,35,65,116,27,57,23,78,70,110,88,46,253,101,44,53,75,88,39,36,190,139,22,37,219,28,26,51,196,99,72,66,115,144,66,206,103,101,36,23,33,180,121,99,58,165,18,71,57,87,24,33,57,59,91,140,9,99,107,99,148,291,102,184,2781,7610,7693,7044,2821,920,489,3184,4856,987,851,1214,880,335,119,1668,1795,289,696,926,1246,1396,875,847,546,181,576,1130,2571,2481,745,1346,1032,329,119,148,497,488,386,568,389,53,299,525,463,142,101,211,566,241,155,348,625,360,73,465,501,129,128,164,460,489,286,266,384,56,19,30,403,286,139,315,368,142,133,203,382,349,354,260,367,146,154,135,343,472,272,218,301,106,91,109,80,99,93,88,269,139,93,73,106,18,156,153,134,65,100,76,222,127,41,19,105,27,45,36,243,172,189,322,340,85,87,148,237,357,163,221,68,79,31,80,450,566,241,155,6,154,208,170,101,97,205,185,184,76,6,68,337,398,212,149,129,58,60,73,160,162,91,251,139,175,76,35,83,217,228,159,1,27,65,83,65,38,26,106,104,68,85,139,85,136,71,154,127,46,26,53,133,63,49,61,98,107,105,47,120,111,45,34,8,91,105,80,159,121,60,66,131,84,88,77,337,266,110,89,39,35,97,136,83,276,71,217,89,107,97,60,57,200,128,63,82,50,43,60,128,103,28,41,4,55,31,55,151,106,53,149,113,42,90,86,49,69,46,29,33,83,15,47,169,38,45,67,171,42,155,122,202,117
5,2.026234,47942,6840,7267,7326,118,56,1322,97,168,70,45,129,52,96,27,81,183,90,60,170,170,144,35,69,57,97,59,135,144,73,84,19,129,197,29,72,69,102,58,43,170,266,112,250,285,136,87,35,59,127,74,225,43,72,30,43,131,145,101,151,84,69,91,80,55,42,63,51,58,16,11,24,37,91,70,31,97,104,45,116,173,82,37,161,178,164,105,86,317,160,37,160,36,49,106,137,47,85,19,93,94,165,81,28,199,83,157,49,32,184,93,119,135,129,76,114,172,32,40,83,154,104,67,230,123,110,109,78,176,154,51,84,186,267,109,118,176,172,126,72,136,41,148,99,151,87,94,202,92,7,111,51,159,145,18,107,128,67,77,69,186,224,103,102,117,95,60,35,133,108,72,20,107,25,68,65,68,39,46,123,60,46,48,73,152,122,128,117,123,21,38,98,276,74,46,120,202,107,55,87,164,63,33,43,103,21,85,69,23,82,102,116,160,105,165,31,160,75,28,167,179,167,83,148,143,83,93,107,127,41,49,23,45,76,62,30,73,85,21,81,165,102,38,272,12,44,99,69,118,32,18,172,35,104,28,65,68,101,42,266,87,58,124,21,98,77,45,41,50,82,72,105,54,104,89,88,137,104,199,56,260,129,20,56,132,75,105,43,104,74,46,170,37,35,56,101,185,149,54,108,110,122,99,117,193,155,108,136,125,125,92,141,157,379,125,38,32,14,85,103,103,73,256,182,36,118,239,102,114,117,87,127,89,94,173,106,42,153,35,86,216,109,35,81,104,79,51,10,48,53,119,104,105,75,23,31,116,35,50,82,155,115,102,96,67,42,75,74,235,74,39,67,30,24,62,67,1,98,164,103,69,91,107,59,227,267,72,107,98,23,77,127,217,173,18,181,85,96,31,36,185,24,55,142,95,83,82,53,17,52,120,119,122,50,46,53,38,46,71,26,103,23,45,70,74,9,50,138,79,40,14,88,140,269,105,113,147,60,85,17,172,238,53,122,134,120,71,93,263,151,121,65,203,39,100,151,137,29,65,148,131,46,103,136,144,26,17,109,28,56,116,91,270,122,80,147,140,48,41,24,106,138,53,22,119,216,159,108,270,92,68,85,42,32,49,83,149,21,87,101,135,89,38,37,235,109,39,147,48,134,121,90,197,51,95,242,179,87,51,111,238,97,55,48,80,144,46,109,124,134,9,110,95,71,92,133,86,33,47,112,36,36,71,59,103,110,87,55,159,43,87,27,103,247,5,59,22,139,54,55,42,158,79,143,56,132,24,78,122,173,148,176,53,96,259,92,139,146,27,183,130,55,117,100,210,94,38,52,47,40,190,168,110,66,102,68,68,18,45,33,128,65,135,143,83,96,114,53,127,158,17,223,31,74,55,53,135,91,108,101,203,63,55,112,39,221,104,109,207,66,89,43,118,166,99,104,115,3,41,104,48,154,101,74,157,87,43,53,251,153,46,159,104,57,140,77,94,100,45,145,32,168,54,102,244,143,55,86,213,122,45,101,256,110,42,127,52,172,93,72,198,90,157,69,73,112,122,56,97,88,18,129,58,81,82,98,59,29,23,164,287,100,87,79,186,91,10,7,31,85,50,67,201,110,13,45,234,20,31,43,243,122,16,103,225,178,71,170,128,81,14,36,43,222,145,121,7,185,32,127,76,33,103,7,81,150,151,137,55,37,39,33,196,289,143,283,3436,7338,7279,6852,2206,852,446,3095,4341,810,1067,1396,1061,329,255,1975,1755,304,743,991,1222,1286,553,687,516,197,687,1072,2682,1970,512,1241,805,244,132,146,526,414,270,460,294,72,209,376,323,273,61,190,583,222,94,316,504,159,58,644,521,94,179,93,374,461,206,211,320,25,42,48,369,209,278,230,295,65,47,187,360,272,264,224,405,143,146,132,358,391,164,168,344,110,66,100,63,130,61,60,244,156,115,77,142,27,75,115,94,95,83,90,186,88,78,40,102,52,17,34,192,150,132,384,277,99,78,157,260,322,161,228,70,117,111,122,436,638,185,141,162,91,159,159,43,117,172,159,169,55,47,100,447,386,137,221,105,59,96,45,202,141,96,277,140,169,44,29,148,277,188,90,33,54,99,40,37,62,36,129,43,80,86,118,67,129,21,194,194,87,54,10,123,20,79,139,148,93,52,57,270,131,86,41,52,65,114,71,187,86,12,77,103,46,92,93,405,226,79,137,86,58,109,106,168,273,94,195,43,115,119,88,97,189,84,57,108,77,171,99,178,150,19,38,61,45,35,103,92,132,44,199,154,60,10,29,92,112,44,20,134,67,54,11,142,56,50,100,198,12,125
6,2.007473,47832,7462,7287,7217,118,56,1384,357,33,53,64,121,33,16,215,243,101,166,224,176,28,114,96,134,79,95,136,99,50,49,122,230,87,89,104,82,78,18,113,202,171,56,296,208,46,88,30,136,119,180,120,60,39,41,118,94,140,135,90,45,51,109,78,123,40,77,144,56,5,39,40,69,83,103,75,104,40,32,210,179,81,151,148,179,76,137,233,275,69,105,106,53,55,87,60,29,72,72,33,208,110,83,170,252,120,74,118,185,32,96,191,185,41,127,266,113,11,10,130,157,79,243,118,165,83,56,177,213,71,33,197,83,66,115,239,295,84,190,144,25,75,186,59,52,50,118,38,30,74,157,58,186,55,76,87,72,43,117,211,284,134,90,163,106,47,56,171,65,125,73,96,53,54,97,19,129,31,105,84,63,45,117,116,110,151,188,78,120,61,93,248,162,25,99,219,239,262,52,44,67,32,36,108,57,5,66,127,56,112,99,121,100,113,162,190,97,17,195,231,253,33,131,85,27,83,114,86,23,62,38,34,98,99,58,135,90,11,113,289,131,32,222,153,75,127,146,174,38,73,81,34,49,7,84,96,111,39,65,158,276,45,136,117,78,108,37,57,114,15,133,65,42,117,39,146,86,74,110,228,134,33,117,177,153,78,105,143,38,128,30,245,33,49,99,75,216,252,37,92,230,76,86,224,184,83,133,85,121,46,132,117,279,297,164,118,26,29,111,18,89,1,117,57,142,144,193,136,71,56,111,94,169,127,148,70,174,169,16,166,109,82,39,159,178,104,69,36,26,94,124,142,41,40,71,83,61,25,31,256,109,145,146,109,64,30,84,174,78,121,122,101,58,54,94,43,107,246,53,210,47,96,139,200,150,10,90,50,21,30,63,200,281,71,100,210,71,59,33,250,131,98,141,128,88,125,88,47,91,123,136,112,74,80,66,103,60,23,10,34,98,61,62,66,84,79,140,55,109,10,49,86,161,63,10,184,62,73,106,189,113,142,37,99,160,3,65,14,44,134,109,130,132,94,146,135,84,31,143,128,112,59,152,107,88,37,81,35,22,22,111,157,197,143,79,134,127,62,37,177,228,71,32,43,201,117,130,110,272,56,58,144,46,33,121,89,63,12,94,41,187,44,28,124,185,73,145,84,176,56,163,295,83,77,276,164,236,37,71,210,146,46,92,78,206,32,44,93,60,78,51,115,35,107,148,292,107,41,7,109,31,18,129,246,84,92,64,110,32,25,109,82,227,133,59,58,207,57,29,91,103,49,181,134,145,29,85,24,130,80,196,110,89,80,106,298,250,96,168,99,48,60,85,174,254,58,35,52,82,104,201,129,123,161,159,105,69,55,6,76,79,64,131,134,109,93,105,74,164,91,159,55,107,30,90,80,155,146,155,133,29,37,122,36,230,98,97,84,91,68,98,66,133,144,22,136,30,43,266,77,166,201,78,132,76,31,34,171,322,35,145,73,53,122,143,103,173,14,172,83,118,62,72,371,277,54,59,183,177,52,95,144,297,38,68,108,225,95,110,139,146,175,134,63,119,70,86,153,215,23,96,12,19,45,102,143,85,27,133,200,34,24,140,175,205,32,43,70,27,69,33,146,205,44,52,228,39,27,138,228,254,87,77,26,177,77,155,171,168,75,85,130,201,95,134,23,114,49,36,43,76,21,65,87,114,116,134,81,56,77,75,197,335,189,44,1495,7206,7277,7452,4900,1560,84,2085,5077,2606,621,1224,1342,680,49,1226,2067,580,535,958,1185,1544,890,749,612,134,296,1075,2069,3249,999,1095,1186,480,85,116,497,666,315,429,357,109,111,471,482,248,153,66,449,318,110,226,622,447,30,421,687,243,86,178,444,594,250,199,323,110,28,95,286,388,146,130,319,133,58,121,231,345,357,230,333,280,64,115,225,454,293,178,218,75,89,76,107,57,54,77,203,148,118,142,157,67,110,135,158,149,93,120,121,221,95,71,141,65,34,96,188,269,127,248,376,126,65,153,170,445,296,189,168,156,23,119,463,626,353,180,188,149,157,167,177,21,151,186,191,140,5,56,345,393,262,176,229,129,103,76,133,267,71,162,286,210,52,49,48,164,255,155,56,46,53,88,29,33,29,82,116,91,60,136,39,112,70,141,211,35,26,25,59,89,27,189,78,158,76,61,184,72,6,78,54,77,108,117,205,125,57,113,131,150,57,146,277,369,126,93,35,33,76,160,59,362,110,251,66,135,83,90,136,168,124,155,131,64,66,125,222,168,45,53,59,122,24,32,123,32,159,107,217,29,61,60,77,172,91,88,76,90,33,55,121,73,39,39,231,53,101,181,85
7,2.026234,48033,7335,7467,6127,118,40,984,260,64,147,285,53,134,63,45,53,59,82,152,50,67,167,84,50,59,71,39,27,63,137,59,46,64,84,129,78,46,71,24,101,44,68,34,98,44,274,165,51,67,39,165,151,166,180,33,40,54,29,17,20,94,116,35,46,72,82,46,10,30,79,52,14,22,18,53,32,15,98,56,29,65,145,203,71,75,105,152,111,151,77,21,77,62,142,65,54,97,57,48,57,32,41,89,110,99,88,225,58,46,20,68,69,9,61,108,6,80,117,53,53,37,106,101,84,111,123,58,64,86,93,71,24,58,263,122,12,71,174,231,131,85,27,30,58,79,12,71,40,23,76,50,39,48,54,126,68,95,28,15,10,48,104,106,92,4,55,14,95,48,76,49,24,15,112,79,11,30,52,153,88,59,144,75,15,82,54,14,71,77,99,110,40,77,143,85,11,53,159,196,41,83,87,58,13,75,63,33,28,64,49,148,67,68,42,113,56,109,93,131,9,18,184,76,69,93,25,62,15,22,48,43,50,68,24,83,36,24,52,90,23,55,101,162,74,67,143,33,119,151,67,68,23,78,101,58,19,21,93,52,34,26,47,65,34,126,44,139,65,60,81,102,33,23,73,63,30,33,89,85,60,99,87,121,15,85,114,76,52,60,74,56,29,98,138,39,29,82,93,102,125,0,43,112,62,93,65,216,140,35,49,48,57,91,50,72,89,73,23,63,39,55,9,260,118,59,165,131,108,182,47,24,41,89,93,137,36,102,91,100,28,36,51,76,65,47,107,50,130,41,41,50,94,96,110,74,23,7,118,102,7,28,130,30,90,76,62,73,54,56,132,25,49,23,62,31,37,74,14,52,115,38,129,46,81,45,93,119,14,81,40,93,11,78,67,188,139,29,101,13,57,24,92,122,39,52,73,73,94,113,17,70,42,24,13,79,22,22,89,110,56,7,11,51,12,25,52,23,8,38,46,19,12,78,41,46,64,21,69,28,77,76,61,71,123,21,134,119,42,34,32,14,117,72,83,108,12,40,38,91,126,134,143,32,44,96,105,53,29,13,83,42,7,33,61,87,67,21,87,97,79,91,76,120,34,25,33,111,124,144,83,124,28,57,63,60,37,35,23,79,44,65,135,145,51,58,103,35,30,86,125,81,261,64,101,111,26,106,124,152,31,16,36,82,54,41,16,25,42,49,43,81,63,22,60,58,55,85,99,101,28,36,47,37,10,80,125,69,55,56,48,137,5,91,44,213,86,50,73,94,71,62,56,53,32,86,77,65,62,75,34,65,146,128,85,261,93,52,84,132,65,85,65,68,49,84,101,202,51,64,54,112,84,141,73,110,6,68,54,57,36,39,70,85,59,78,137,36,64,89,45,50,43,82,153,64,45,82,71,112,52,127,64,5,48,12,108,148,36,33,94,74,87,83,113,27,47,23,263,55,32,107,69,132,139,18,35,32,26,10,133,250,128,120,106,74,79,83,32,74,48,93,13,75,68,41,198,201,55,27,82,135,44,27,154,128,20,92,73,65,133,104,80,114,82,85,22,59,51,93,66,158,17,52,106,28,36,27,77,85,49,46,128,62,101,64,129,173,57,60,30,29,86,102,24,89,40,73,65,96,13,47,80,194,147,78,103,143,90,57,123,33,56,48,51,95,76,127,29,111,87,30,22,29,55,52,91,109,66,104,50,54,49,51,163,298,139,78,1221,6130,7470,7338,3389,2319,604,1580,3872,2819,581,1269,1482,532,91,897,2187,914,456,866,984,1245,863,668,620,290,250,720,1989,2682,1331,775,1122,522,94,149,415,508,453,526,422,213,135,362,523,201,250,12,268,463,131,208,433,335,105,305,718,311,74,173,236,417,238,235,207,225,31,3,337,276,121,161,260,235,70,132,224,192,187,226,275,259,49,101,187,270,175,126,231,256,103,116,84,22,87,99,147,139,116,107,93,48,175,143,188,89,71,91,141,160,65,32,64,47,29,48,159,231,123,172,247,79,32,113,189,282,147,129,155,66,45,54,80,261,166,79,150,102,83,143,153,52,68,109,180,141,21,17,145,125,54,76,220,52,62,75,200,209,86,181,204,123,120,83,52,94,120,113,80,31,46,21,70,28,50,101,106,67,56,88,64,161,37,28,156,104,62,36,55,78,74,12,65,53,46,81,88,88,69,8,114,83,54,116,115,82,13,12,99,124,53,17,174,259,85,117,120,42,76,77,110,237,80,152,97,84,85,92,1,127,66,120,74,74,63,79,70,66,69,90,33,89,49,39,92,96,15,60,166,62,60,61,66,151,80,23,14,69,1,19,30,80,3,101,193,56
8,1.96995,47634,6522,7443,7285,118,32,791,279,61,81,48,114,122,44,48,122,87,81,40,43,63,29,93,163,48,78,26,143,104,55,21,52,18,38,26,31,91,50,51,132,67,93,34,40,82,97,104,129,59,3,33,12,22,18,75,22,35,53,86,56,51,37,51,61,39,23,23,34,47,40,59,48,62,46,35,92,67,51,69,125,107,108,73,146,89,6,61,48,16,71,63,28,71,24,49,36,120,88,53,175,104,8,18,52,101,39,11,32,64,46,33,83,72,52,80,71,83,14,59,69,85,83,81,81,62,8,82,159,40,86,37,85,190,256,61,73,41,91,105,77,29,7,64,25,42,78,85,172,117,26,59,12,63,21,43,59,70,50,24,47,114,90,30,43,47,29,13,49,55,22,54,129,52,10,62,44,71,55,24,100,47,38,55,18,41,59,13,116,27,25,76,126,77,53,49,138,30,24,82,58,29,32,13,31,74,49,30,35,95,88,23,131,57,6,67,146,135,108,101,37,33,50,32,34,28,42,29,69,40,32,32,17,27,31,118,184,99,36,111,111,73,80,68,87,48,26,14,56,38,25,40,55,43,8,42,62,59,55,89,268,37,14,17,34,55,18,28,19,68,18,4,8,44,102,21,165,61,46,74,130,71,55,24,52,21,15,106,81,96,48,48,79,96,15,26,18,57,24,56,90,232,44,102,8,71,81,78,50,19,73,55,84,19,55,76,45,77,48,79,41,60,137,81,105,14,42,39,61,69,48,58,51,71,14,30,83,80,23,23,78,15,44,14,54,47,46,76,89,32,11,46,122,63,44,40,83,45,67,82,70,50,74,10,102,41,40,36,59,30,46,71,59,34,80,33,62,66,93,113,175,69,65,99,71,57,14,56,118,152,47,68,77,37,39,25,127,71,68,107,125,80,123,70,43,104,38,60,28,64,51,27,27,72,45,74,38,67,15,70,68,30,24,91,67,55,36,66,36,30,11,15,64,55,76,47,72,107,49,14,37,45,56,2,63,12,47,43,90,258,35,66,35,51,79,141,102,10,103,107,92,45,7,38,12,55,16,9,37,57,45,14,102,51,79,27,36,46,33,6,80,139,111,97,148,25,21,63,35,21,50,40,66,55,50,27,43,119,68,7,93,45,64,24,49,71,72,43,95,35,47,164,106,93,15,74,74,58,40,52,24,103,74,42,109,81,65,40,63,40,87,116,27,72,13,37,19,62,32,28,84,21,12,65,23,1,49,67,64,174,39,53,21,98,56,41,106,48,11,112,120,87,51,57,59,51,72,98,22,93,81,58,58,26,16,41,34,23,76,90,103,50,30,43,20,23,60,78,53,54,28,90,10,80,44,64,28,14,28,87,80,119,79,66,13,13,30,113,153,100,72,79,119,102,84,49,73,70,59,66,32,91,35,55,30,42,89,30,21,37,16,26,8,45,26,53,38,166,258,53,66,63,44,41,177,137,42,77,67,28,106,26,28,37,51,26,44,123,52,24,76,33,23,46,126,95,51,28,205,5,48,112,41,181,167,66,153,102,33,37,20,65,125,51,141,52,15,115,93,44,16,63,19,29,64,97,23,77,127,20,163,261,30,58,15,57,49,26,69,109,44,22,107,48,81,85,111,60,72,23,109,78,33,91,71,56,16,74,80,95,53,52,32,95,28,30,78,92,12,24,66,84,28,132,34,4,95,80,124,219,126,139,2386,7304,7462,6541,1523,1253,595,2047,3660,1011,913,1253,942,123,227,1449,1786,201,607,883,1023,933,739,758,473,76,479,893,2354,2270,858,928,922,351,68,219,582,399,406,493,315,70,219,360,274,115,85,95,361,214,97,317,431,212,119,378,456,121,96,87,150,327,187,223,281,67,19,45,353,236,153,210,219,113,62,261,269,260,213,232,271,137,73,48,188,207,163,172,144,78,62,128,110,78,104,133,278,102,84,94,89,57,127,178,111,72,11,52,133,67,29,30,60,69,28,19,203,145,103,195,233,33,27,131,236,200,88,101,61,78,46,78,275,168,108,68,161,113,264,100,98,35,51,135,149,46,33,60,248,62,57,113,106,62,44,37,159,129,60,175,66,139,89,58,100,42,60,107,57,29,24,38,81,50,58,106,130,53,71,73,86,89,30,103,43,53,50,52,60,52,57,31,107,94,94,71,141,66,6,49,15,265,26,34,97,13,64,60,138,58,71,81,214,130,32,97,42,24,80,90,150,127,115,77,93,133,58,103,41,64,37,153,83,52,22,58,62,52,65,64,31,81,32,12,85,110,19,115,107,28,20,47,30,128,26,26,43,74,39,22,53,72,35,79,261,34,90,59,203,143,81,97
9,2.007473,47623,7101,7348,7440,118,56,1373,260,65,67,76,233,75,43,228,148,94,46,94,67,92,78,159,121,66,81,62,104,194,60,55,54,70,54,73,99,321,102,231,250,71,46,50,66,106,64,193,33,91,93,45,37,162,107,186,61,50,91,68,75,17,29,72,41,19,84,38,36,86,71,265,78,72,53,98,110,82,23,150,178,127,154,84,295,109,24,159,8,31,56,122,46,88,54,62,44,96,99,26,237,122,95,3,65,93,80,158,142,133,87,109,138,49,22,123,91,108,51,210,157,82,89,23,156,213,29,85,173,32,88,44,135,255,95,92,115,45,109,119,113,110,76,219,126,10,134,88,181,87,12,81,118,42,70,95,238,275,88,136,123,87,71,72,150,105,73,32,99,20,51,95,58,38,39,115,93,2,40,45,190,116,142,133,176,39,84,90,252,120,42,162,215,78,53,54,104,268,47,43,116,46,74,67,116,81,124,91,128,79,138,59,198,75,35,137,161,116,90,139,62,117,100,109,150,20,16,39,34,58,8,37,52,50,75,163,189,87,18,235,24,62,124,115,86,27,36,117,72,55,98,95,75,29,31,86,71,21,104,23,70,59,11,53,32,47,43,126,22,159,123,119,170,114,209,28,203,129,8,38,92,93,69,64,73,110,84,159,52,32,66,60,182,176,19,102,101,108,149,95,99,272,87,114,102,62,71,148,136,371,130,70,52,50,27,81,115,97,10,171,30,115,231,53,87,74,89,131,54,87,92,36,38,144,38,80,182,36,69,94,155,63,63,34,73,43,116,128,45,65,38,67,92,33,26,69,140,85,96,67,40,49,139,15,237,62,71,66,12,23,30,121,10,101,159,95,47,58,107,75,297,59,54,57,32,49,11,67,224,227,16,185,62,61,44,48,96,7,41,119,125,110,56,75,46,97,89,93,137,51,25,67,57,74,53,38,84,7,41,44,77,91,18,132,22,43,39,63,86,177,114,93,144,40,112,82,111,244,70,120,113,91,74,72,52,168,163,97,145,3,101,140,136,22,22,136,87,60,94,119,150,53,39,134,19,29,60,69,285,127,36,113,113,34,54,23,77,148,20,25,63,138,114,97,284,93,60,77,64,73,53,111,143,39,37,54,133,87,52,67,223,146,22,162,29,68,160,138,123,39,57,228,276,51,27,120,149,75,37,44,40,108,45,92,71,176,21,114,87,53,67,79,70,64,51,92,23,22,155,48,121,130,91,118,117,36,79,25,68,229,11,86,8,48,62,41,76,97,60,149,69,72,42,45,141,146,165,164,68,68,147,65,167,163,21,284,157,57,113,97,203,51,33,89,123,44,163,99,109,118,92,98,69,45,6,34,99,47,71,147,53,71,104,24,79,149,18,189,35,69,75,15,97,141,87,63,151,8,46,108,44,225,91,110,156,65,56,45,60,110,86,102,114,75,57,121,23,207,101,87,181,56,28,66,269,186,53,121,78,62,140,41,62,131,82,140,21,77,32,62,231,148,41,71,139,86,50,43,214,86,100,117,34,115,81,80,154,83,103,83,69,56,124,88,114,132,49,125,109,65,105,163,45,30,39,191,122,45,63,84,240,77,48,21,45,69,65,64,216,159,41,111,257,24,37,46,218,118,43,82,173,127,100,216,112,73,26,76,32,148,117,99,62,160,35,120,85,5,116,78,56,132,107,138,27,41,74,78,155,326,119,323,3417,7449,7358,7110,1738,1159,366,3406,4932,660,816,921,782,350,236,1985,1520,212,648,881,1186,1269,721,813,499,159,696,1163,2732,2319,605,1421,959,302,138,137,556,456,329,531,422,115,319,497,408,291,119,164,603,192,141,347,545,272,78,665,542,106,192,161,319,500,230,275,393,7,42,36,361,311,103,269,378,78,80,109,391,336,314,295,388,168,150,144,404,436,216,220,389,79,97,129,109,60,45,56,277,125,89,115,246,38,119,149,155,49,92,94,182,63,62,34,126,29,76,70,188,189,147,397,318,89,48,161,271,363,128,235,74,64,113,149,515,612,215,153,138,102,286,149,141,109,173,225,234,24,52,94,439,341,144,185,26,33,75,84,161,117,97,310,113,130,32,67,151,270,227,170,49,50,60,71,98,71,17,112,48,35,118,137,96,82,90,172,182,75,57,48,118,43,15,123,115,72,11,47,145,77,61,6,32,46,92,103,168,69,28,109,148,53,88,50,320,252,73,161,106,65,110,99,127,265,86,208,26,48,60,97,72,230,136,85,105,23,115,96,248,79,21,18,54,45,9,127,108,92,70,151,137,28,33,33,30,125,52,29,134,26,16,84,97,57,85,79,89,47,145,157,145,86,48,55
10,2.026234,47970,7266,7194,5938,118,44,1049,286,61,268,36,16,93,36,42,52,163,267,50,127,187,204,53,88,110,20,39,34,152,39,45,89,72,142,92,46,96,19,52,48,97,240,201,18,313,277,68,27,54,138,112,70,180,54,27,76,42,95,126,23,145,41,51,110,93,82,35,47,160,46,17,59,51,60,22,44,96,38,27,33,162,196,46,51,103,152,88,144,149,268,55,76,125,52,21,76,98,19,114,17,39,126,83,71,55,240,67,51,40,110,56,81,185,164,21,102,187,110,10,43,73,88,41,89,128,172,41,39,115,194,93,27,101,76,22,91,167,268,183,158,79,66,23,124,68,32,42,80,140,42,76,147,33,149,44,23,38,62,10,75,180,249,199,69,114,89,34,27,159,53,89,72,120,69,57,83,78,48,24,36,112,56,46,112,92,92,113,99,87,198,15,95,149,213,45,35,284,285,56,87,91,53,15,42,13,30,5,85,129,28,87,71,100,54,75,165,122,158,49,55,206,213,53,117,94,9,79,90,63,27,59,51,12,13,31,10,58,62,27,121,216,118,22,77,178,104,96,141,104,55,87,44,124,45,39,123,39,123,23,263,133,32,96,137,96,81,41,33,21,115,56,78,122,72,115,59,88,51,82,172,135,231,43,40,81,109,51,90,1,46,141,43,208,55,82,98,8,212,187,24,81,185,13,76,137,131,100,74,88,70,61,104,79,157,267,78,27,43,24,74,105,87,256,67,204,76,94,217,42,71,50,114,130,73,52,163,44,197,150,35,103,85,64,57,16,147,102,72,53,99,25,158,138,12,30,58,118,122,29,67,151,70,103,31,72,114,34,120,121,201,86,71,69,57,9,71,48,63,149,71,75,6,50,92,147,167,21,97,35,32,25,19,145,231,151,40,166,55,56,79,134,127,41,81,109,90,124,96,101,38,80,64,121,98,51,57,124,116,64,45,54,81,2,64,84,16,36,91,76,104,34,55,45,110,71,29,198,72,81,115,95,153,145,31,99,130,34,72,262,49,138,80,110,200,21,119,145,140,42,85,90,42,10,139,56,94,49,33,105,35,24,38,133,183,85,55,144,151,74,74,70,106,20,46,20,137,93,76,102,251,20,29,102,54,48,99,101,67,89,89,87,206,58,42,39,220,44,80,137,135,20,290,174,156,39,158,187,233,35,75,200,213,74,32,45,28,40,25,120,141,99,52,80,90,131,117,175,45,39,8,150,67,19,99,145,38,101,95,85,102,34,97,67,174,138,52,69,83,57,12,55,94,35,129,118,82,29,44,58,46,94,162,203,102,33,154,141,286,110,57,149,97,70,106,88,259,75,54,25,148,52,166,76,94,101,106,21,95,59,41,46,109,58,104,104,127,57,84,99,146,156,88,120,139,48,65,59,172,140,143,86,82,73,83,30,180,169,90,118,145,69,87,24,89,119,51,79,257,57,119,138,127,183,60,68,48,36,51,132,285,55,54,96,99,118,151,39,83,58,145,130,81,46,72,248,201,48,11,95,141,20,38,104,311,37,29,105,134,104,99,76,174,100,117,47,53,78,112,65,257,46,49,94,32,26,78,181,35,52,48,160,99,100,163,41,216,75,3,27,39,79,38,72,148,21,2,181,137,9,92,87,226,103,32,21,276,106,124,193,107,31,41,50,122,110,82,48,52,51,14,57,8,12,48,54,91,80,113,63,71,81,99,145,361,194,41,923,5934,7190,7263,5708,1516,427,946,4057,3420,451,1180,1216,601,104,669,2333,1113,448,940,1021,1339,819,453,610,293,270,952,1775,2983,1167,598,1307,769,198,117,351,638,313,367,475,289,130,414,546,325,172,83,400,474,134,173,437,542,104,196,704,392,70,155,365,587,275,203,306,288,30,99,186,509,195,140,302,286,73,144,217,399,342,227,329,396,59,144,173,377,290,148,228,275,102,53,93,38,42,47,150,170,106,128,176,107,90,111,204,19,37,93,126,201,43,29,80,106,56,53,128,229,104,196,451,176,48,95,163,369,282,151,185,136,16,92,281,478,421,189,172,158,101,124,200,88,145,181,273,240,39,38,221,386,297,144,221,78,76,85,69,222,37,107,296,154,92,19,78,123,232,165,86,22,33,98,34,108,32,62,93,67,51,161,91,90,77,50,219,92,36,45,53,125,59,77,65,102,87,86,126,30,65,89,57,91,74,129,147,228,64,55,83,162,51,137,204,371,154,44,92,69,76,161,52,266,139,159,102,74,117,119,103,134,155,99,60,90,29,125,110,125,52,12,7,76,30,13,120,81,107,53,159,86,58,58,78,85,67,47,43,83,56,258,36,23,7,30,192,78,49
11,1.96995,47645,7492,7663,6740,118,56,1437,63,70,50,67,263,278,51,154,190,151,56,78,96,111,90,89,158,30,56,53,108,174,84,37,94,53,41,39,135,230,222,35,348,218,30,6,63,123,77,103,147,81,109,71,35,95,157,107,153,81,24,104,64,95,43,30,76,52,26,93,48,60,87,266,81,99,29,67,190,211,37,113,94,169,61,153,160,320,53,95,117,17,48,106,65,44,62,52,69,150,87,98,97,253,61,44,76,120,14,128,196,250,18,121,156,84,34,80,155,190,82,136,130,142,61,39,152,245,39,28,104,78,44,108,199,370,286,180,57,0,54,169,60,66,4,116,133,69,38,115,88,158,14,80,67,70,21,90,187,323,139,65,181,115,64,81,150,76,144,72,74,18,28,65,28,80,25,35,98,67,27,70,34,82,86,145,42,145,32,65,247,179,20,65,189,246,24,69,110,38,24,56,26,84,80,104,164,43,76,107,98,123,94,174,168,105,36,77,208,199,51,161,138,29,138,105,70,41,38,38,75,103,23,43,92,123,58,86,192,183,74,123,193,39,68,110,141,60,81,71,80,34,20,109,15,108,7,12,143,25,44,122,60,85,71,13,43,104,9,134,117,70,118,84,158,101,92,150,199,165,66,69,100,177,82,119,83,19,115,19,221,21,41,82,58,263,226,55,139,228,106,129,228,185,88,113,94,62,48,157,93,228,306,107,51,38,27,122,84,56,55,62,160,159,127,62,76,36,26,180,107,142,42,165,18,156,138,39,136,65,52,83,96,170,68,68,45,20,91,166,132,58,34,49,59,87,25,32,177,67,130,70,55,116,19,126,223,120,50,90,63,33,67,104,73,68,171,44,206,39,61,91,145,167,15,161,18,32,27,79,220,210,114,64,126,26,24,43,261,168,42,93,102,109,114,113,49,128,63,93,102,109,19,49,95,87,23,58,9,92,26,56,89,62,33,81,92,97,6,37,153,162,89,34,174,49,63,51,146,148,188,56,132,191,23,94,16,78,180,126,97,104,54,135,117,120,22,131,152,114,68,182,77,89,31,64,83,24,39,85,147,196,92,50,130,128,45,39,130,152,43,23,84,173,101,125,90,237,102,15,85,80,64,119,167,61,47,74,92,223,27,5,136,278,53,91,145,157,49,213,218,118,27,203,285,222,18,83,253,203,39,96,42,114,55,54,94,160,117,72,46,44,73,83,210,75,13,36,179,39,38,151,167,27,74,31,96,62,46,67,84,223,142,87,45,166,51,76,84,47,38,131,109,105,43,108,67,45,89,214,144,110,29,104,185,308,90,287,124,107,44,74,133,247,76,45,72,122,86,237,114,136,115,96,26,64,13,30,62,104,84,107,142,79,86,108,39,167,121,123,145,124,49,98,43,154,102,112,83,53,41,106,39,226,117,105,91,98,69,54,73,8,112,47,113,95,38,123,174,145,298,76,45,46,23,56,150,342,30,112,124,77,87,60,60,109,60,189,88,125,52,73,357,265,26,45,170,205,19,87,183,294,66,101,108,203,102,127,76,172,121,116,99,78,100,127,57,257,30,42,76,49,85,152,183,48,47,113,123,47,99,114,92,142,50,13,40,95,57,69,128,147,18,58,162,38,23,100,134,236,84,31,45,254,66,184,199,90,72,83,37,159,146,172,67,143,83,35,99,80,37,78,81,114,112,123,43,20,49,64,185,404,254,83,1311,6759,7682,7511,5109,1612,281,1215,4661,3061,527,1228,1197,579,42,834,2256,767,436,916,1099,1409,811,528,720,212,354,1145,2066,2997,1129,686,1369,712,185,94,429,585,304,393,397,148,98,455,561,302,185,58,395,402,104,205,561,498,70,227,661,335,76,202,395,646,231,242,297,209,29,99,239,442,140,98,267,210,52,134,235,409,300,222,314,277,134,205,203,394,279,103,232,231,70,95,115,102,26,30,204,141,64,89,207,136,102,81,193,51,78,99,161,192,65,126,59,37,13,94,208,274,85,227,438,125,54,144,163,365,274,150,188,84,39,128,368,555,363,139,151,168,272,134,124,9,114,182,183,175,37,48,215,375,268,116,193,76,56,42,71,246,52,113,257,155,33,39,72,66,205,154,71,40,48,72,35,39,35,31,119,64,29,165,56,106,63,71,151,61,47,38,29,99,28,147,41,77,42,46,65,44,70,117,69,69,27,61,203,140,13,94,156,212,8,115,225,410,102,91,103,23,57,138,63,326,95,159,111,75,70,95,101,152,105,125,43,19,39,115,133,100,60,36,23,116,12,33,103,93,145,47,198,21,31,43,84,151,86,31,28,55,29,42,76,27,58,29,154,65,89,187,74,326,38,64
12,2.063757,47980,7565,7554,5392,118,56,1377,286,96,309,52,22,108,51,46,40,88,271,84,136,206,157,23,87,121,9,77,40,198,115,32,75,72,210,90,27,85,66,65,24,103,185,199,46,374,278,61,62,58,139,114,85,200,28,63,60,35,59,144,43,257,79,73,84,108,97,36,48,85,22,19,63,66,17,84,47,76,95,72,58,158,193,32,50,128,193,119,157,80,286,53,78,159,15,30,112,114,49,111,3,109,82,83,96,8,281,38,44,56,99,41,100,214,181,84,88,129,135,45,48,149,106,92,95,214,145,73,23,109,193,125,38,127,262,7,133,110,218,148,175,68,65,25,154,61,89,46,46,204,99,34,142,75,213,78,43,85,35,6,74,143,298,178,55,179,68,42,114,120,59,134,65,91,56,21,85,87,74,86,22,132,78,31,67,70,140,122,98,69,186,19,83,179,238,40,51,119,283,48,53,99,49,41,40,27,125,29,122,112,58,59,47,85,146,88,207,95,129,59,26,209,191,37,115,125,34,106,101,66,63,51,58,30,48,49,20,103,86,61,90,156,166,77,53,248,40,71,149,92,89,103,36,167,74,60,73,61,110,58,11,136,50,11,107,46,115,60,18,33,96,66,71,158,13,132,97,154,79,87,225,97,210,75,15,92,147,26,104,11,63,117,29,267,43,43,79,73,287,254,18,113,159,17,97,145,91,136,89,92,89,6,97,157,138,315,133,70,72,13,69,65,103,67,38,203,129,130,283,31,55,34,111,114,141,55,171,60,136,140,7,113,83,83,70,80,146,103,94,30,62,56,132,169,66,30,41,68,173,48,17,144,58,134,52,110,87,50,146,92,227,74,78,76,15,61,113,105,60,197,82,121,68,81,100,112,241,34,113,43,52,10,48,147,224,152,15,178,11,52,55,103,179,46,46,128,82,77,80,46,55,84,66,127,128,14,41,96,95,60,29,16,62,20,71,14,30,63,49,80,75,11,32,95,134,103,47,167,97,15,71,99,169,226,55,158,217,59,111,258,47,161,122,80,273,46,119,154,101,15,89,161,150,38,156,83,162,36,35,132,56,44,73,111,249,96,21,170,133,54,77,33,103,48,13,5,115,102,113,119,308,58,21,102,66,51,85,113,59,35,69,66,176,51,16,80,222,52,67,226,105,51,140,204,112,18,100,203,242,32,48,207,209,46,40,84,10,45,4,115,78,141,72,83,96,80,120,133,74,44,40,209,34,38,124,105,90,121,95,113,170,28,79,95,189,207,28,80,94,29,83,12,102,55,104,134,73,66,44,64,122,129,132,198,107,257,86,112,260,115,41,204,219,30,95,48,302,82,41,68,160,94,226,121,92,108,113,73,15,34,16,94,180,48,92,150,33,64,95,27,169,131,25,176,72,12,64,34,140,114,103,89,90,53,75,65,115,144,75,76,145,59,83,33,32,122,39,102,53,58,82,194,151,216,99,51,80,11,61,99,299,93,70,156,58,59,146,33,69,83,124,127,110,64,73,186,250,62,35,106,169,65,59,75,280,65,20,109,41,108,93,69,189,93,115,84,6,46,106,68,170,32,25,115,28,52,89,171,61,17,75,7,92,92,131,57,236,59,18,39,15,117,96,44,166,32,56,125,144,31,110,49,273,126,20,47,256,108,135,212,131,89,36,24,108,90,133,109,95,128,33,98,5,11,104,36,66,98,96,90,48,59,99,88,367,233,76,448,5393,7555,7566,6636,1354,451,586,3732,3837,311,1153,1165,781,180,454,2421,1341,337,852,1015,1343,906,455,717,417,200,824,1476,2908,1366,500,1326,720,209,116,261,579,304,313,504,349,54,383,584,356,242,42,323,597,94,145,429,521,90,122,745,486,20,171,223,493,286,167,262,350,60,89,103,491,107,135,370,350,59,150,221,401,318,195,250,375,49,175,161,423,302,137,192,278,94,70,123,157,44,48,163,187,107,95,171,138,66,89,179,27,74,103,126,205,61,48,36,80,48,72,85,300,126,163,444,189,54,64,168,390,304,106,282,98,62,90,239,417,425,134,177,150,94,184,205,110,74,166,196,180,32,74,184,451,320,151,219,102,43,61,54,243,61,79,314,149,72,11,36,156,259,146,96,62,36,95,51,70,27,71,107,74,57,138,127,81,123,35,188,166,44,60,31,111,11,79,141,98,40,31,9,68,76,104,50,51,73,107,128,235,60,65,107,173,50,117,99,420,164,75,142,72,62,127,59,268,155,140,150,53,88,94,89,99,145,107,39,51,54,109,76,147,55,45,35,98,13,44,144,82,133,24,185,77,56,34,14,124,144,0,32,101,41,36,57,58,30,53,190,159,33
13,2.026234,47662,7687,7721,5273,118,56,1430,36,17,56,35,98,214,53,105,168,172,47,58,42,34,87,32,147,52,96,91,33,107,97,20,80,28,30,37,95,196,246,82,270,240,47,121,31,106,35,25,117,37,63,77,43,96,174,72,143,77,71,50,78,63,28,55,70,26,1,27,61,26,78,266,21,54,18,77,126,121,26,86,130,140,92,159,70,251,82,38,129,34,47,93,98,64,88,19,98,99,70,86,16,220,45,122,42,91,60,114,213,216,75,104,114,77,9,32,129,96,37,98,214,122,84,39,65,235,117,26,104,169,32,110,84,233,168,167,88,55,19,147,84,81,11,54,169,71,17,114,77,159,15,43,40,63,6,72,111,215,159,43,132,76,50,120,92,37,124,84,66,49,26,72,124,62,25,22,110,79,22,55,57,75,113,80,75,133,15,48,186,194,30,47,188,229,36,72,168,47,53,39,39,118,55,88,84,74,87,86,80,169,127,225,112,171,78,13,194,151,77,137,152,61,111,58,53,62,16,16,2,30,13,9,34,91,42,107,142,108,43,49,170,57,105,160,127,96,70,27,133,29,20,88,103,82,18,14,131,54,22,131,259,65,99,24,31,63,32,79,129,87,162,52,71,99,90,198,95,168,98,39,81,78,29,117,19,37,158,69,168,107,24,96,43,258,165,32,99,194,73,106,135,61,143,92,87,73,79,126,141,169,373,123,86,59,37,71,59,64,41,34,187,99,117,121,59,61,38,111,119,133,44,111,17,123,152,33,79,85,59,65,108,123,3,52,18,18,70,139,159,49,55,28,74,137,22,20,94,61,87,41,44,101,54,119,72,181,37,52,75,47,36,63,58,62,136,63,103,51,67,123,115,258,40,88,62,70,45,65,172,248,145,39,142,34,44,55,78,89,38,65,119,39,70,104,47,25,66,65,96,132,26,36,63,79,32,32,24,47,9,54,40,43,41,69,102,60,44,44,136,138,123,89,130,56,66,142,96,150,212,64,124,161,14,52,38,32,180,109,89,175,60,129,177,177,22,62,118,97,49,136,151,81,55,17,127,40,35,77,121,196,121,9,110,89,69,60,22,151,60,19,49,109,89,145,115,267,74,41,116,10,19,103,120,47,47,58,69,167,32,35,70,227,122,61,181,72,38,191,183,102,11,139,289,193,21,54,149,194,36,39,46,17,86,46,111,123,135,21,41,27,34,49,68,48,11,56,126,11,13,156,64,113,88,83,78,139,20,28,109,140,182,45,78,26,61,104,5,76,80,119,108,47,68,52,29,99,126,156,150,132,44,105,67,198,173,256,142,110,50,91,48,196,69,16,30,140,66,200,96,106,127,77,14,47,24,43,78,151,24,124,125,66,62,91,45,114,159,45,141,65,32,87,90,94,103,109,69,106,58,75,102,148,131,83,95,129,41,64,79,62,127,55,96,70,37,139,181,149,294,61,29,98,26,13,110,261,58,61,103,73,81,109,21,60,32,96,132,38,91,46,131,221,44,42,80,147,23,56,53,273,24,49,73,79,120,126,81,147,54,97,33,22,64,131,52,139,37,42,73,88,67,135,213,65,38,61,139,86,66,138,118,90,31,22,71,68,47,43,57,158,73,40,105,173,66,76,6,196,64,11,42,183,119,122,200,109,38,48,31,149,107,144,44,115,123,22,72,61,5,55,11,69,87,110,96,51,60,89,78,344,280,76,625,5283,7731,7697,6509,1238,579,827,4119,4146,380,1153,1212,739,223,462,2010,1261,309,797,993,1363,1019,591,744,407,274,992,1343,2930,1629,548,1423,833,198,109,263,564,385,385,489,364,112,439,633,431,191,43,314,539,115,168,451,469,124,146,704,418,76,238,183,435,326,204,238,371,53,63,106,401,274,130,320,320,44,101,195,375,332,239,230,346,91,144,188,351,370,201,235,308,80,97,173,112,47,80,98,161,82,78,151,216,32,100,212,94,49,141,149,209,20,36,47,121,61,57,82,193,139,122,373,174,27,99,130,331,325,93,186,52,49,117,184,508,467,172,160,123,263,117,129,52,141,156,175,204,11,57,157,404,315,127,196,124,48,19,51,150,75,76,228,100,71,13,93,171,234,148,95,22,52,80,34,38,7,23,105,54,46,135,164,58,79,77,145,119,54,71,33,68,25,62,44,88,48,19,106,35,102,113,61,19,28,92,115,188,35,18,82,137,2,96,86,355,170,73,113,72,63,133,73,240,163,115,123,78,74,94,98,44,168,127,34,41,73,144,93,157,79,18,12,126,20,30,105,92,157,13,118,26,60,33,27,100,115,4,62,80,28,58,39,11,44,55,90,144,60,200,106,254,40,48
14,2.007473,47954,7190,7697,7666,118,36,926,288,173,178,78,97,95,53,46,30,98,108,48,87,91,59,57,88,30,35,55,86,152,53,41,8,127,62,76,23,80,90,43,37,12,28,60,56,236,56,40,55,57,144,87,207,64,122,38,27,33,67,31,65,79,50,30,91,74,74,44,41,70,11,14,30,22,33,46,10,51,12,9,61,94,61,48,56,98,101,96,104,123,68,32,117,65,50,61,78,60,53,23,3,13,104,111,87,145,78,53,55,58,106,72,46,26,35,20,63,159,49,39,28,136,11,7,150,100,75,61,52,43,68,31,44,156,257,70,47,87,186,94,87,109,45,59,59,84,96,50,73,87,7,90,16,213,70,50,92,32,23,8,80,131,119,41,36,30,96,74,24,106,22,42,88,114,60,81,86,82,67,65,103,66,32,57,12,86,53,53,52,81,57,70,7,128,29,40,80,20,64,66,111,140,25,54,39,107,18,91,65,56,124,27,42,40,100,126,41,131,55,50,72,154,143,74,118,7,61,54,35,41,43,60,51,71,46,9,38,24,31,48,81,162,128,76,95,98,48,115,98,84,37,20,83,15,7,76,86,69,40,36,69,80,35,77,44,50,54,27,50,56,89,34,62,65,9,62,98,76,89,118,81,143,78,30,76,99,29,42,63,13,19,30,75,67,52,47,80,118,103,97,11,98,89,57,96,27,202,59,47,97,78,61,140,23,59,55,9,64,24,64,83,82,82,262,62,55,156,202,65,92,19,27,82,90,50,76,90,69,57,58,41,143,69,53,23,37,30,63,20,61,89,102,89,91,38,41,46,93,29,31,25,162,52,36,110,38,52,117,36,84,53,30,108,13,8,16,92,95,50,59,29,51,61,52,102,139,48,68,73,27,3,22,79,62,120,35,108,63,43,50,20,65,101,11,122,61,107,116,104,28,60,20,95,55,37,8,14,35,77,16,63,94,14,7,81,20,62,18,78,40,23,27,39,18,97,27,35,105,87,102,47,109,119,51,120,102,54,46,60,40,39,54,54,130,42,24,62,65,63,132,72,185,47,94,72,107,40,19,53,49,32,24,28,126,15,12,51,200,17,93,36,44,103,34,15,41,132,148,121,152,43,33,28,145,22,27,54,77,31,25,40,54,79,52,30,134,26,20,91,85,61,91,14,86,103,73,141,143,28,12,58,60,106,19,50,54,89,56,33,78,44,59,13,86,20,64,65,38,67,22,74,43,82,37,25,62,60,33,27,87,16,33,67,81,162,44,58,83,94,37,47,125,60,17,74,64,109,47,77,73,29,83,165,34,19,261,65,50,105,40,62,3,45,91,98,140,85,28,30,44,37,120,83,35,85,39,66,67,23,42,45,87,104,52,103,97,60,70,58,38,51,20,162,92,56,89,62,100,155,79,69,113,55,35,87,66,94,17,43,11,47,93,64,98,58,10,19,79,3,36,108,80,142,60,78,134,97,72,60,181,153,55,138,59,33,122,59,39,33,59,91,21,98,48,41,80,97,46,20,212,98,80,43,218,50,43,83,51,107,79,140,189,34,63,55,92,68,148,134,18,122,12,107,15,85,27,55,17,46,24,83,34,54,108,90,112,124,43,20,22,88,50,68,50,77,31,76,123,30,78,92,75,129,97,42,132,97,63,129,122,46,33,122,95,116,106,63,61,115,19,8,42,41,36,42,35,140,46,50,41,62,86,145,199,192,71,108,2405,7673,7704,7197,1684,1707,611,2457,4254,1122,894,1307,1009,182,143,1668,1911,241,657,949,1144,1046,740,811,504,194,462,1113,2332,2508,752,1121,912,287,142,107,446,450,399,600,384,28,292,545,491,192,102,87,453,253,129,266,480,239,98,430,555,58,112,99,181,348,245,224,300,52,13,7,292,205,18,242,261,50,86,156,313,241,181,300,295,150,118,113,182,267,218,188,215,78,91,137,159,29,102,107,187,141,86,113,133,115,196,145,188,55,61,46,119,187,48,60,167,12,24,38,183,154,126,234,254,57,39,113,221,232,114,167,118,92,61,40,216,171,99,110,84,83,101,104,99,34,130,133,184,66,26,54,258,130,107,99,141,28,77,55,142,195,74,174,138,161,71,61,174,37,127,97,34,61,9,49,119,59,56,130,62,72,69,126,65,65,16,64,132,97,60,23,82,38,21,42,136,61,47,34,29,83,33,11,52,58,76,28,206,49,54,104,142,60,86,82,218,117,97,109,128,38,119,144,112,121,102,157,86,79,50,31,33,89,101,102,88,75,75,76,56,109,48,20,44,31,35,73,123,102,19,57,218,27,40,70,24,92,36,53,72,47,66,21,92,67,24,128,187,13,95
15,2.007473,47887,7228,7532,7602,118,56,1439,39,154,16,91,106,138,68,59,236,189,86,163,170,95,47,98,61,102,100,120,141,50,61,44,125,226,51,64,73,60,75,37,141,224,134,161,298,159,72,25,48,129,59,227,84,83,72,50,116,51,124,201,143,27,83,109,79,43,53,69,86,47,9,5,38,43,30,85,79,79,94,81,252,137,42,177,110,183,110,127,258,186,58,170,69,66,92,113,80,46,56,27,22,133,90,49,196,151,88,27,118,182,60,126,132,110,37,137,236,57,27,93,144,127,75,257,145,74,67,28,145,244,38,69,166,32,82,142,263,279,123,155,131,40,100,116,117,91,83,192,21,10,102,119,57,157,45,84,70,49,79,93,250,290,107,47,142,86,60,66,152,96,70,70,113,40,38,77,72,145,29,121,68,27,59,83,132,138,111,149,110,42,98,92,308,155,32,165,226,19,57,113,110,74,39,39,137,34,107,122,76,112,86,81,66,104,165,125,186,24,28,150,219,149,56,124,93,76,119,100,83,21,70,68,66,70,47,24,103,41,55,109,187,35,19,260,97,42,109,95,128,43,56,134,37,76,47,106,44,47,15,79,273,87,117,71,130,45,64,35,23,83,18,131,34,91,93,102,112,158,204,86,222,114,35,52,125,128,84,118,106,99,114,128,146,25,38,63,89,220,113,78,124,144,78,104,185,169,42,142,98,88,53,121,80,334,206,125,43,58,22,39,79,73,14,285,77,160,194,149,111,77,89,172,78,101,168,183,57,151,108,36,177,82,72,72,161,70,99,35,27,55,100,178,137,101,35,84,78,12,15,49,226,37,132,100,63,24,109,105,198,66,46,103,11,34,61,71,25,113,212,53,141,21,88,40,190,118,258,144,81,28,64,62,216,242,30,153,154,113,55,29,274,79,73,124,87,88,122,76,23,97,110,95,99,96,50,84,64,73,42,87,71,14,20,46,65,62,56,82,25,10,28,61,106,200,61,78,180,60,56,36,193,187,46,46,128,130,52,84,38,279,137,100,197,73,95,138,101,39,46,192,158,126,89,108,185,96,34,125,26,39,72,82,221,148,86,104,175,33,67,50,131,129,62,21,32,185,93,103,193,196,63,41,79,67,3,77,130,48,58,94,88,149,50,2,188,143,66,195,82,90,101,186,166,30,58,265,140,102,38,88,183,101,34,41,68,93,28,16,111,176,41,76,43,75,115,138,205,121,17,101,59,45,91,86,128,112,59,65,93,71,58,57,90,192,51,69,53,107,61,62,115,81,41,136,81,133,43,95,100,173,116,189,35,41,74,83,230,304,109,186,46,24,66,57,217,178,81,29,121,88,194,204,87,100,175,162,48,81,41,28,102,71,133,154,122,101,96,49,71,137,34,171,71,72,33,70,127,152,112,128,101,44,38,99,42,209,108,153,138,64,116,67,116,157,163,72,106,22,45,118,44,168,184,88,122,93,43,70,273,265,74,166,46,55,139,100,149,162,88,204,43,130,43,128,367,233,53,94,209,97,63,102,214,146,19,118,77,163,120,113,142,109,136,132,51,93,105,63,100,181,26,109,41,63,86,134,26,57,33,168,170,260,63,78,242,156,13,24,60,85,79,88,173,131,14,52,215,26,41,53,259,191,44,34,151,189,70,162,128,128,117,97,31,218,135,140,30,135,24,79,31,84,57,70,60,114,88,108,69,27,67,43,193,291,136,181,2700,7603,7533,7229,2954,1100,270,2649,4333,1109,979,1321,1181,426,120,1649,1937,337,716,1007,1087,1300,640,721,565,219,541,1120,2629,2367,770,1171,930,337,132,117,498,556,362,520,390,46,207,485,421,241,70,171,622,239,106,304,605,282,34,477,626,164,183,194,533,554,189,265,328,70,32,16,404,389,138,0,337,92,55,188,346,361,340,224,426,218,176,121,353,446,256,163,187,99,87,73,112,57,104,73,294,151,81,94,164,34,130,145,112,86,121,95,181,129,93,102,70,9,21,34,297,224,92,329,347,120,35,156,229,363,184,258,143,53,78,157,450,604,160,158,160,110,138,188,167,105,174,182,180,74,17,39,347,343,196,179,129,56,84,68,219,192,105,240,196,165,69,51,62,282,162,126,49,66,86,82,45,8,45,90,97,84,70,155,27,148,76,160,242,83,49,36,96,18,41,127,76,85,93,79,119,262,48,55,83,60,102,80,229,135,25,157,156,120,56,89,375,298,77,151,47,12,71,132,95,342,95,243,100,110,87,63,34,265,122,139,194,46,126,101,139,127,42,30,41,57,10,109,169,78,67,171,189,6,34,73,108,194,54,73,84,85,36,49,283,52,43,102,256,53,134,168
16,2.007473,48015,7191,7463,7521,118,32,799,275,105,175,179,56,81,82,78,88,65,70,107,29,79,63,76,109,32,16,24,17,81,122,60,54,45,139,112,37,63,79,75,17,71,20,75,49,120,241,96,52,40,102,152,53,180,48,69,59,54,41,54,53,73,44,25,43,117,15,19,7,30,92,17,36,79,49,36,21,25,89,54,42,65,126,103,42,94,114,132,144,160,138,72,16,109,131,91,123,41,51,80,18,46,6,101,137,91,160,117,15,56,150,132,58,10,68,72,26,35,165,66,69,17,69,72,46,107,79,48,52,44,116,11,29,88,265,22,48,71,65,182,69,80,63,27,20,30,78,54,13,92,41,30,109,31,181,113,15,70,46,34,70,49,145,93,53,53,18,66,116,89,106,25,19,46,30,44,35,53,79,138,40,63,53,25,27,62,127,72,19,38,57,87,123,28,174,86,25,10,158,142,125,132,104,48,15,22,76,58,37,67,33,112,44,10,75,99,201,53,112,25,39,90,94,143,87,119,48,32,18,46,47,21,56,49,20,41,25,25,11,7,59,59,94,60,22,175,124,144,134,111,68,50,15,60,79,39,62,103,89,35,29,69,93,74,34,54,60,78,18,48,71,57,48,14,38,25,52,102,83,107,172,67,111,115,40,52,135,48,33,71,45,31,35,34,115,89,112,8,141,83,72,52,91,121,89,45,104,157,38,44,13,139,112,101,56,11,87,62,90,42,34,65,93,265,56,82,66,143,156,130,116,16,60,87,44,99,119,70,71,50,32,23,98,79,93,99,81,58,65,63,13,68,127,128,78,14,29,20,79,49,74,16,96,19,26,69,77,45,75,38,98,33,9,26,46,22,41,45,24,48,103,26,70,95,93,83,109,77,9,50,68,27,69,65,96,103,70,104,97,76,96,45,67,87,55,74,107,80,80,51,28,143,17,30,101,22,1,111,48,47,27,9,81,38,46,27,32,55,5,57,56,68,16,58,26,19,98,25,81,71,53,16,120,65,53,94,92,56,30,8,70,41,133,50,147,74,25,120,96,82,49,112,100,45,84,66,146,38,47,64,26,10,52,17,131,43,41,25,106,30,73,81,28,34,37,23,34,151,97,125,195,53,18,31,75,17,77,42,17,9,47,31,58,139,104,65,124,12,36,105,92,32,69,79,99,52,7,161,113,69,17,33,83,8,4,87,18,121,49,59,120,84,72,6,81,41,70,50,65,51,12,23,43,34,47,85,93,26,35,18,56,61,25,50,71,188,19,36,45,123,37,45,88,55,53,91,53,138,60,29,67,85,47,140,33,258,94,73,62,46,47,34,24,36,90,109,141,48,84,19,78,29,66,40,30,126,20,48,51,54,53,47,96,42,25,113,123,81,69,69,13,35,45,139,96,19,92,95,49,97,43,35,112,114,14,97,60,70,47,61,41,60,92,86,91,58,15,107,277,33,57,64,54,124,100,46,64,70,36,54,167,175,65,77,69,60,85,60,33,52,65,106,26,111,80,69,98,90,35,78,102,96,112,22,195,47,52,38,27,143,136,127,148,60,51,22,43,77,100,134,94,49,22,76,55,25,50,63,71,56,26,69,96,56,120,133,92,145,32,22,46,68,66,32,46,73,25,51,102,25,33,82,136,182,67,52,94,106,24,95,96,40,32,81,95,190,75,113,48,131,31,59,29,66,48,65,42,61,58,98,21,32,94,135,147,216,102,114,2599,7524,7466,7194,1659,1626,800,2802,3845,1098,1042,1360,1101,220,164,1740,1863,268,717,991,1034,1077,748,775,581,192,537,1181,2498,2108,1063,1130,888,234,67,186,498,461,511,632,389,84,338,527,468,199,172,164,444,228,106,252,549,215,128,480,524,96,152,117,216,391,310,244,224,21,14,48,359,55,177,234,351,120,116,186,307,245,256,291,294,156,128,130,272,259,178,191,240,87,89,130,171,85,135,97,181,140,92,123,159,84,163,125,169,45,41,88,143,153,98,50,145,30,27,40,177,191,108,294,228,104,53,113,240,200,171,154,39,44,58,40,191,215,153,104,154,66,73,122,106,61,128,141,147,68,28,25,246,145,110,125,83,54,27,54,155,208,127,173,130,178,97,86,142,142,115,142,51,82,34,46,108,35,66,135,81,45,99,159,89,37,29,12,116,68,91,72,34,97,86,43,171,27,52,5,60,48,29,66,45,82,98,64,115,67,72,77,173,83,69,81,157,137,70,119,42,62,98,103,68,151,65,148,75,115,104,51,11,131,35,123,87,41,115,79,47,78,30,63,23,34,10,74,127,24,56,64,144,84,20,78,36,93,5,65,69,55,34,24,41,95,52,141,171,57
17,2.026234,48047,7195,7257,4921,118,60,1409,18,130,99,239,45,56,109,80,43,42,93,264,96,114,182,178,54,44,64,41,74,39,142,133,58,20,63,120,121,24,51,37,63,41,118,159,248,98,329,261,31,76,31,111,102,44,188,23,53,81,73,44,175,111,181,23,36,87,56,53,25,52,58,258,15,25,39,54,64,66,41,83,59,66,110,118,9,86,161,185,106,139,121,320,88,79,147,37,31,126,121,83,84,22,112,113,96,87,23,232,62,98,85,53,49,73,178,206,66,92,124,92,25,42,143,87,90,125,250,145,91,84,32,182,138,43,283,154,41,167,70,141,184,203,40,82,33,149,77,126,25,98,223,102,1,84,51,195,60,36,91,54,34,116,85,285,189,82,154,52,42,104,109,56,159,94,34,53,12,90,96,50,22,29,143,99,50,66,59,79,154,103,64,161,16,70,143,183,50,17,193,251,37,27,100,100,46,30,31,101,34,95,42,100,70,101,116,152,89,195,125,162,58,50,216,152,59,123,190,67,134,111,76,62,12,17,27,41,16,21,94,119,14,68,163,162,54,88,256,63,54,101,102,85,97,49,159,29,41,73,51,111,256,21,97,58,29,115,37,70,112,57,23,88,54,109,106,6,151,97,124,84,72,207,125,230,123,68,63,165,33,74,20,125,136,35,187,96,32,69,70,278,253,17,76,145,45,177,126,107,165,150,188,109,48,110,161,181,414,125,23,32,7,77,31,267,35,14,178,70,97,215,20,97,54,134,102,138,61,138,43,134,185,5,78,126,29,35,98,123,48,69,8,69,68,103,142,124,38,41,103,134,22,21,127,18,136,88,78,122,47,174,63,174,103,23,56,37,32,120,99,120,130,120,98,40,62,95,261,277,50,130,33,57,49,91,117,304,212,47,174,46,43,44,83,148,38,90,140,87,69,74,28,35,48,68,156,134,44,57,75,63,24,78,14,42,10,36,58,47,16,42,98,84,25,27,60,115,128,55,172,61,23,70,109,159,263,46,183,190,53,22,11,48,206,155,90,219,47,132,139,152,11,90,139,106,40,107,127,67,45,38,117,53,42,74,106,222,104,32,156,128,51,41,23,148,50,48,16,154,105,127,98,258,28,56,72,49,48,38,111,95,68,107,98,176,18,29,121,236,91,74,237,116,270,154,124,69,65,151,210,243,32,53,164,217,51,103,63,17,65,54,104,120,118,21,115,59,77,87,70,70,23,47,147,29,25,125,81,132,94,80,93,139,13,94,62,183,172,78,80,59,58,92,38,123,92,112,137,44,62,41,48,108,119,191,164,286,28,99,87,266,127,51,190,141,39,109,44,226,52,47,54,142,72,175,83,78,139,91,23,10,20,41,85,134,40,153,151,32,57,85,33,187,158,72,209,97,38,50,37,76,68,117,81,140,34,59,56,147,197,127,102,135,51,40,42,54,133,70,162,57,27,61,119,124,188,43,90,88,60,41,80,290,78,77,186,80,33,93,21,58,56,150,111,81,65,102,146,227,44,46,84,146,52,48,74,277,77,74,138,125,121,87,51,173,104,120,78,103,39,71,66,170,29,69,83,33,77,78,104,56,9,17,189,113,76,75,90,194,35,10,35,84,84,76,66,169,37,44,90,171,36,70,35,235,62,12,70,270,105,149,256,116,65,20,11,97,121,207,115,110,156,23,90,58,26,79,34,69,113,172,120,54,92,45,103,313,231,104,548,4934,7271,7209,6531,1418,421,752,3839,3854,294,1185,1238,702,175,500,2255,1375,297,856,867,1266,1010,516,731,442,255,835,1168,2789,1529,554,1377,787,192,116,180,498,317,357,524,360,68,319,532,374,198,30,275,610,104,126,426,506,135,82,615,425,20,193,137,381,318,202,264,403,27,72,57,481,216,137,331,273,21,61,230,380,320,242,245,375,78,143,121,412,363,147,209,297,86,99,147,114,58,64,124,213,78,81,102,182,28,41,165,37,49,134,90,213,46,100,50,73,20,37,25,224,72,145,451,217,52,89,155,355,348,114,255,56,58,123,305,563,506,202,142,148,118,192,204,85,136,199,182,162,12,82,133,453,352,160,206,84,43,49,45,192,60,82,280,106,77,46,53,178,271,160,83,92,34,62,36,92,15,47,105,42,48,87,126,101,93,71,158,182,73,19,17,174,30,109,112,90,55,264,70,38,134,120,29,40,50,121,74,158,26,29,88,146,27,123,68,328,158,92,133,105,51,101,72,185,185,159,140,35,58,57,99,84,178,141,29,47,24,119,90,166,83,25,11,80,41,4,123,74,147,16,181,63,63,62,26,103,122,31,17,74,7,65,56,130,22,44,192,132
18,1.988711,47771,7318,7735,6960,118,28,716,263,63,48,34,36,28,103,152,48,77,83,23,62,36,108,68,13,21,99,33,56,12,48,60,22,17,14,38,24,57,26,44,88,52,132,61,54,82,51,68,64,67,128,38,29,54,32,20,47,64,39,32,18,37,46,56,30,44,81,42,19,49,83,19,20,45,54,48,41,21,122,113,11,45,94,23,54,63,101,55,15,56,6,35,26,55,41,29,12,36,9,43,72,72,28,166,50,26,43,14,57,17,35,99,41,10,87,97,81,24,44,33,63,35,35,84,46,41,39,107,8,28,103,67,41,63,257,71,28,47,28,45,73,81,33,45,23,21,52,34,94,42,93,94,113,50,24,72,37,18,66,66,17,20,90,46,64,35,78,54,11,76,72,79,32,58,39,48,26,57,48,12,64,42,101,60,77,92,39,26,21,49,73,42,30,50,64,61,46,17,92,69,79,59,51,20,35,22,45,115,28,31,23,53,34,40,92,70,46,71,78,55,73,72,61,21,61,28,85,67,40,22,30,104,20,20,53,24,6,43,107,108,34,82,144,14,88,39,121,45,20,43,47,11,55,31,53,54,25,37,67,28,23,45,31,44,13,69,30,37,38,42,45,11,42,62,62,65,52,13,99,108,44,55,89,118,67,27,64,20,40,64,73,29,44,78,51,104,34,31,4,33,23,28,35,144,54,45,74,52,66,43,72,51,16,36,44,44,66,87,15,82,22,101,64,277,112,101,49,87,52,37,103,39,43,65,49,84,8,45,36,12,17,33,163,65,21,21,27,54,28,105,93,21,27,24,55,45,57,11,72,9,14,50,49,47,29,26,62,38,44,45,71,45,37,22,13,62,81,36,34,42,60,76,94,172,43,58,89,27,70,21,65,141,33,42,61,28,37,25,169,84,42,78,71,112,80,49,48,111,3,45,33,49,20,8,24,46,44,44,43,24,30,18,44,79,52,51,53,30,34,50,43,35,62,48,67,52,62,54,68,45,62,33,50,21,27,32,46,14,33,35,10,30,29,31,34,103,29,84,60,38,81,89,63,18,35,32,22,56,9,49,72,76,61,9,61,16,51,30,75,75,9,41,9,109,69,83,130,74,13,23,60,47,34,40,73,12,48,49,48,60,75,32,172,87,48,55,26,69,34,24,82,23,10,94,99,91,24,44,59,40,30,38,93,25,76,54,60,80,51,62,83,41,49,66,66,88,10,24,27,8,52,36,41,56,25,41,81,13,37,16,25,99,19,34,79,63,78,32,78,14,33,80,97,71,12,54,51,15,20,57,49,89,59,60,25,10,1,61,46,31,75,44,93,110,20,10,60,15,58,117,60,67,46,54,38,99,67,46,51,31,48,46,14,114,70,66,23,38,67,108,99,66,78,55,73,80,87,14,54,72,39,49,65,71,30,55,21,69,49,58,13,39,76,39,28,37,19,41,269,69,31,6,71,38,66,29,117,182,67,72,66,42,77,69,19,53,26,68,32,79,86,38,91,53,15,48,62,120,75,43,143,65,41,39,89,108,58,92,113,28,16,26,25,115,76,69,72,49,35,62,104,52,41,51,58,134,15,9,40,63,104,68,82,95,37,24,97,15,19,47,50,104,70,40,10,52,42,56,63,100,51,32,15,60,25,65,62,60,94,77,21,65,40,52,91,105,51,46,41,23,26,21,109,102,52,78,15,40,79,37,135,197,129,149,1562,6975,7750,7333,2907,1527,535,1913,3596,1783,622,1162,1029,345,27,889,1545,446,396,680,845,984,742,750,480,135,341,819,1876,2292,1138,792,960,367,92,59,373,405,454,522,418,115,230,389,420,159,114,44,226,218,126,194,449,388,133,295,445,248,51,60,333,264,235,215,149,125,18,33,332,312,156,157,229,256,31,112,270,227,235,232,225,184,44,105,180,170,239,164,162,88,55,72,90,54,100,120,138,105,55,101,97,74,128,181,158,72,57,68,122,117,103,46,62,92,48,24,155,136,65,154,168,57,44,113,224,227,71,112,80,49,68,58,212,157,40,81,117,92,63,97,62,67,65,147,144,97,59,39,151,99,123,100,131,64,21,18,123,130,47,96,167,83,64,17,35,36,88,47,42,62,51,29,40,75,60,65,95,31,29,57,64,103,72,67,94,85,45,24,83,66,78,30,42,113,59,54,146,85,26,260,31,50,12,36,90,48,64,8,70,32,57,49,199,140,20,53,79,58,71,79,102,146,66,86,35,79,34,66,49,62,49,85,64,30,7,37,51,97,49,40,80,50,9,21,98,65,20,75,50,46,43,49,12,69,38,53,17,33,16,6,33,42,263,66,91,66,95,108,145,194
19,2.007473,47701,7120,7124,7118,118,60,1410,270,84,97,51,27,204,164,57,152,228,179,12,66,64,96,112,127,144,55,28,32,143,214,61,59,77,85,36,54,109,261,182,80,349,145,42,60,43,70,54,203,101,86,44,52,99,98,154,150,65,36,42,87,59,80,27,85,102,65,7,53,62,68,14,93,89,116,52,70,231,136,52,195,162,213,32,100,259,295,18,155,106,27,36,138,67,37,54,33,52,172,65,41,140,176,50,47,102,159,29,119,163,180,3,75,179,125,16,80,134,109,65,194,155,164,73,31,174,257,35,71,213,102,36,133,229,258,78,176,151,55,93,154,58,80,93,164,42,39,102,181,68,103,43,60,170,79,24,113,181,315,115,15,192,125,31,54,145,106,129,111,137,23,56,99,29,154,17,79,112,55,67,103,96,95,79,147,56,94,34,78,193,141,25,91,196,226,8,24,90,91,35,75,74,19,13,47,89,89,104,89,78,79,65,148,187,56,40,160,223,268,52,141,98,48,128,152,72,40,8,41,42,113,60,100,131,102,59,47,245,121,8,224,160,21,50,74,164,70,81,72,43,128,22,57,40,103,37,47,145,97,79,284,144,3,68,58,60,109,48,139,6,78,148,50,138,79,75,104,233,102,26,129,159,177,56,66,152,57,119,83,269,27,59,72,138,168,124,76,56,203,74,96,186,161,127,175,111,133,43,100,129,306,289,118,87,37,57,108,17,80,8,111,161,134,98,136,117,10,64,145,41,130,61,128,66,154,102,13,148,48,29,50,171,217,97,44,53,40,85,112,78,98,29,73,68,44,17,50,245,35,112,101,124,85,26,132,220,54,81,120,10,35,37,84,13,84,245,19,124,91,80,94,183,140,42,166,45,16,21,30,209,293,69,133,164,91,23,29,312,123,120,221,117,101,84,33,42,101,131,149,69,160,93,54,40,56,7,43,40,116,40,61,113,61,49,128,75,91,44,45,33,157,75,20,148,7,56,42,196,157,144,93,72,110,10,88,31,174,152,98,269,95,59,93,64,22,33,152,120,62,77,130,130,96,39,74,39,43,22,72,180,170,103,123,176,174,55,28,184,244,51,27,59,247,67,90,204,256,93,54,120,33,24,90,56,66,42,140,78,190,17,31,137,226,89,147,70,194,12,118,231,34,84,194,142,222,37,67,179,150,32,98,49,173,19,45,84,171,72,50,88,15,108,120,206,92,43,82,108,28,20,77,151,100,113,57,87,54,68,111,50,188,103,36,32,202,46,24,130,111,71,192,92,143,4,38,111,89,111,227,90,108,77,101,141,214,265,183,83,28,55,60,177,165,64,57,86,111,77,174,80,105,106,172,63,91,13,22,52,62,40,101,114,128,58,65,76,189,73,152,102,119,27,34,119,116,98,130,132,30,74,100,57,213,90,100,104,65,46,58,51,81,146,51,128,21,20,78,59,281,207,65,96,87,13,30,225,309,64,146,82,24,103,123,114,100,32,158,60,131,39,66,366,297,17,45,191,193,33,92,203,180,43,153,128,221,89,84,201,116,99,116,31,139,104,43,182,225,18,132,57,62,87,101,79,10,16,124,182,10,54,102,258,209,39,31,78,77,42,39,199,201,66,50,190,78,34,110,208,218,53,19,78,216,43,151,118,119,82,50,89,219,120,164,17,126,32,70,36,66,32,69,74,99,118,132,80,22,20,40,186,330,232,146,1931,7127,7145,7129,4022,1499,198,2172,4760,2221,529,1288,1185,568,109,1313,2053,430,478,912,820,1259,738,697,659,168,355,983,2154,2799,913,997,1089,474,116,63,328,477,312,532,428,177,88,430,433,245,104,84,412,326,92,188,558,471,31,349,610,183,87,131,483,592,182,309,379,84,9,45,401,489,186,169,262,135,257,108,331,360,293,234,387,267,49,55,261,416,270,195,196,52,56,72,112,59,95,79,258,149,46,68,95,30,106,119,119,138,52,91,171,140,87,42,78,78,55,12,218,234,128,326,397,100,91,190,201,390,249,181,205,102,26,82,377,604,296,179,170,136,143,180,203,18,156,175,288,208,52,20,246,335,232,194,216,95,87,36,167,214,61,169,243,227,35,20,11,168,207,176,23,33,36,89,57,31,78,123,99,62,39,101,24,146,75,138,232,36,28,14,74,65,46,143,79,163,15,47,123,79,81,105,262,92,22,53,181,170,50,85,124,174,19,133,337,338,119,142,12,37,78,133,106,259,71,206,73,100,71,75,86,239,113,137,143,61,56,82,161,137,44,64,47,102,20,12,158,86,110,101,138,30,28,65,64,102,88,74,17,76,28,36,80,14,99,259,242,28,74,137,209,239,51